scenario_id,student_id,rank,project_id
base,131,1,27
base,131,2,37
base,131,3,32
base,131,4,26
base,131,5,12
base,132,1,178
base,132,2,10
base,132,3,9
base,132,4,18
base,132,5,73
base,133,1,10
base,133,2,2
base,133,3,19
base,133,4,9
base,133,5,22
base,134,1,196
base,134,2,27
base,134,3,34
base,134,4,10
base,134,5,142
base,135,1,1
base,135,2,19
base,135,3,27
base,135,4,165
base,135,5,3
base,136,1,37
base,136,2,36
base,136,3,11
base,136,4,31
base,136,5,19
base,137,1,12
base,137,2,31
base,137,3,36
base,137,4,20
base,137,5,37
base,138,1,20
base,138,2,1
base,138,3,19
base,138,4,151
base,138,5,17
base,139,1,2
base,139,2,11
base,139,3,19
base,139,4,169
base,139,5,48
base,140,1,36
base,140,2,11
base,140,3,50
base,140,4,22
base,140,5,3
base,141,1,199
base,141,2,76
base,141,3,133
base,141,4,15
base,141,5,31
base,142,1,199
base,142,2,1
base,142,3,31
base,142,4,12
base,142,5,2
base,143,1,17
base,143,2,27
base,143,3,34
base,143,4,83
base,143,5,15
base,144,1,69
base,144,2,106
base,144,3,3
base,144,4,18
base,144,5,133
base,145,1,10
base,145,2,15
base,145,3,27
base,145,4,19
base,145,5,31
base,146,1,66
base,146,2,34
base,146,3,174
base,146,4,1
base,146,5,18
base,147,1,92
base,147,2,171
base,147,3,178
base,147,4,107
base,147,5,37
base,148,1,12
base,148,2,26
base,148,3,37
base,148,4,19
base,148,5,3
base,149,1,36
base,149,2,32
base,149,3,1
base,149,4,31
base,149,5,3
base,150,1,10
base,150,2,32
base,150,3,9
base,150,4,17
base,150,5,20
base,151,1,20
base,151,2,26
base,151,3,31
base,151,4,81
base,151,5,57
base,152,1,17
base,152,2,11
base,152,3,15
base,152,4,36
base,152,5,31
base,153,1,11
base,153,2,196
base,153,3,1
base,153,4,132
base,153,5,159
base,154,1,2
base,154,2,32
base,154,3,9
base,154,4,17
base,154,5,27
base,155,1,3
base,155,2,37
base,155,3,17
base,155,4,12
base,155,5,106
base,156,1,27
base,156,2,37
base,156,3,17
base,156,4,1
base,156,5,2
base,157,1,175
base,157,2,9
base,157,3,11
base,157,4,12
base,157,5,27
base,158,1,57
base,158,2,130
base,158,3,22
base,158,4,37
base,158,5,3
base,159,1,17
base,159,2,9
base,159,3,34
base,159,4,32
base,159,5,48
base,160,1,19
base,160,2,142
base,160,3,143
base,160,4,22
base,160,5,172
base,161,1,22
base,161,2,36
base,161,3,31
base,161,4,12
base,161,5,11
base,162,1,19
base,162,2,22
base,162,3,26
base,162,4,18
base,162,5,27
base,163,1,145
base,163,2,34
base,163,3,10
base,163,4,22
base,163,5,69
base,164,1,1
base,164,2,32
base,164,3,123
base,164,4,22
base,164,5,12
base,165,1,11
base,165,2,18
base,165,3,15
base,165,4,2
base,165,5,37
base,166,1,11
base,166,2,165
base,166,3,113
base,166,4,2
base,166,5,15
base,167,1,22
base,167,2,130
base,167,3,86
base,167,4,1
base,167,5,132
base,168,1,11
base,168,2,92
base,168,3,32
base,168,4,10
base,168,5,19
base,169,1,36
base,169,2,27
base,169,3,12
base,169,4,15
base,169,5,31
base,170,1,113
base,170,2,31
base,170,3,36
base,170,4,20
base,170,5,26
base,171,1,32
base,171,2,9
base,171,3,27
base,171,4,175
base,171,5,31
base,172,1,93
base,172,2,3
base,172,3,11
base,172,4,143
base,172,5,110
base,173,1,9
base,173,2,10
base,173,3,27
base,173,4,141
base,173,5,51
base,174,1,48
base,174,2,20
base,174,3,10
base,174,4,165
base,174,5,2
base,175,1,19
base,175,2,32
base,175,3,37
base,175,4,118
base,175,5,81
base,176,1,123
base,176,2,32
base,176,3,171
base,176,4,11
base,176,5,19
base,177,1,11
base,177,2,133
base,177,3,27
base,177,4,165
base,177,5,1
base,178,1,179
base,178,2,31
base,178,3,93
base,178,4,36
base,178,5,32
base,179,1,11
base,179,2,1
base,179,3,143
base,179,4,114
base,179,5,22
base,180,1,22
base,180,2,172
base,180,3,15
base,180,4,31
base,180,5,10
base,181,1,22
base,181,2,10
base,181,3,34
base,181,4,110
base,181,5,9
base,182,1,26
base,182,2,19
base,182,3,69
base,182,4,3
base,182,5,18
base,183,1,36
base,183,2,31
base,183,3,12
base,183,4,17
base,183,5,177
base,184,1,126
base,184,2,2
base,184,3,22
base,184,4,27
base,184,5,18
base,185,1,20
base,185,2,26
base,185,3,9
base,185,4,31
base,185,5,17
base,186,1,9
base,186,2,22
base,186,3,17
base,186,4,10
base,186,5,12
base,187,1,101
base,187,2,145
base,187,3,177
base,187,4,27
base,187,5,11
base,188,1,36
base,188,2,26
base,188,3,17
base,188,4,9
base,188,5,3
base,189,1,17
base,189,2,19
base,189,3,10
base,189,4,31
base,189,5,36
base,190,1,108
base,190,2,84
base,190,3,2
base,190,4,141
base,190,5,22
base,191,1,133
base,191,2,19
base,191,3,27
base,191,4,34
base,191,5,3
base,192,1,27
base,192,2,12
base,192,3,11
base,192,4,18
base,192,5,191
base,193,1,2
base,193,2,34
base,193,3,9
base,193,4,20
base,193,5,22
base,194,1,18
base,194,2,2
base,194,3,15
base,194,4,165
base,194,5,17
base,195,1,2
base,195,2,18
base,195,3,10
base,195,4,9
base,195,5,12
base,196,1,177
base,196,2,11
base,196,3,143
base,196,4,36
base,196,5,27
base,197,1,143
base,197,2,119
base,197,3,37
base,197,4,3
base,197,5,12
base,198,1,34
base,198,2,32
base,198,3,179
base,198,4,20
base,198,5,109
base,199,1,22
base,199,2,166
base,199,3,109
base,199,4,32
base,199,5,12
base,200,1,125
base,200,2,143
base,200,3,11
base,200,4,12
base,200,5,18
base,201,1,32
base,201,2,2
base,201,3,20
base,201,4,57
base,201,5,34
base,202,1,34
base,202,2,31
base,202,3,196
base,202,4,1
base,202,5,9
base,203,1,15
base,203,2,12
base,203,3,20
base,203,4,10
base,203,5,27
base,204,1,9
base,204,2,12
base,204,3,106
base,204,4,32
base,204,5,22
base,205,1,34
base,205,2,32
base,205,3,2
base,205,4,10
base,205,5,9
base,206,1,11
base,206,2,183
base,206,3,18
base,206,4,1
base,206,5,178
base,207,1,19
base,207,2,22
base,207,3,36
base,207,4,31
base,207,5,17
base,208,1,101
base,208,2,32
base,208,3,3
base,208,4,2
base,208,5,1
base,209,1,34
base,209,2,27
base,209,3,2
base,209,4,32
base,209,5,175
base,210,1,17
base,210,2,81
base,210,3,2
base,210,4,18
base,210,5,26
base,211,1,46
base,211,2,18
base,211,3,11
base,211,4,36
base,211,5,1
base,212,1,31
base,212,2,177
base,212,3,10
base,212,4,19
base,212,5,2
base,213,1,19
base,213,2,26
base,213,3,22
base,213,4,3
base,213,5,31
base,214,1,59
base,214,2,26
base,214,3,3
base,214,4,2
base,214,5,34
base,215,1,31
base,215,2,12
base,215,3,19
base,215,4,68
base,215,5,11
base,216,1,27
base,216,2,31
base,216,3,32
base,216,4,11
base,216,5,18
base,217,1,10
base,217,2,37
base,217,3,20
base,217,4,80
base,217,5,178
base,218,1,18
base,218,2,10
base,218,3,17
base,218,4,138
base,218,5,125
base,219,1,11
base,219,2,10
base,219,3,1
base,219,4,15
base,219,5,19
base,220,1,110
base,220,2,53
base,220,3,132
base,220,4,12
base,220,5,19
base,221,1,34
base,221,2,11
base,221,3,2
base,221,4,17
base,221,5,12
base,222,1,1
base,222,2,31
base,222,3,36
base,222,4,83
base,222,5,112
base,223,1,32
base,223,2,196
base,223,3,1
base,223,4,31
base,223,5,83
base,224,1,49
base,224,2,31
base,224,3,22
base,224,4,10
base,224,5,26
base,225,1,17
base,225,2,34
base,225,3,66
base,225,4,36
base,225,5,19
base,226,1,19
base,226,2,12
base,226,3,119
base,226,4,2
base,226,5,20
base,227,1,191
base,227,2,20
base,227,3,34
base,227,4,17
base,227,5,2
base,228,1,17
base,228,2,12
base,228,3,36
base,228,4,110
base,228,5,27
base,229,1,26
base,229,2,37
base,229,3,2
base,229,4,3
base,229,5,36
base,230,1,22
base,230,2,37
base,230,3,27
base,230,4,36
base,230,5,18
base,231,1,18
base,231,2,11
base,231,3,19
base,231,4,9
base,231,5,2
base,232,1,20
base,232,2,109
base,232,3,32
base,232,4,36
base,232,5,49
base,233,1,27
base,233,2,107
base,233,3,15
base,233,4,12
base,233,5,10
base,234,1,34
base,234,2,12
base,234,3,9
base,234,4,31
base,234,5,32
base,235,1,1
base,235,2,17
base,235,3,18
base,235,4,9
base,235,5,3
base,236,1,34
base,236,2,11
base,236,3,2
base,236,4,37
base,236,5,51
base,237,1,37
base,237,2,1
base,237,3,2
base,237,4,34
base,237,5,32
base,238,1,17
base,238,2,1
base,238,3,68
base,238,4,26
base,238,5,36
base,239,1,22
base,239,2,34
base,239,3,37
base,239,4,19
base,239,5,151
base,240,1,2
base,240,2,15
base,240,3,32
base,240,4,160
base,240,5,20
base,241,1,12
base,241,2,37
base,241,3,32
base,241,4,123
base,241,5,31
base,242,1,22
base,242,2,37
base,242,3,3
base,242,4,17
base,242,5,32
base,243,1,71
base,243,2,152
base,243,3,1
base,243,4,15
base,243,5,3
base,244,1,63
base,244,2,9
base,244,3,27
base,244,4,57
base,244,5,32
base,245,1,19
base,245,2,17
base,245,3,113
base,245,4,20
base,245,5,22
base,246,1,27
base,246,2,26
base,246,3,10
base,246,4,36
base,246,5,179
base,247,1,11
base,247,2,9
base,247,3,27
base,247,4,37
base,247,5,50
base,248,1,31
base,248,2,9
base,248,3,37
base,248,4,18
base,248,5,20
base,249,1,161
base,249,2,11
base,249,3,10
base,249,4,18
base,249,5,50
base,250,1,10
base,250,2,15
base,250,3,12
base,250,4,113
base,250,5,2
base,251,1,177
base,251,2,10
base,251,3,32
base,251,4,27
base,251,5,2
base,252,1,31
base,252,2,18
base,252,3,9
base,252,4,20
base,252,5,2
base,253,1,19
base,253,2,34
base,253,3,18
base,253,4,31
base,253,5,12
base,254,1,32
base,254,2,175
base,254,3,20
base,254,4,9
base,254,5,143
base,255,1,32
base,255,2,34
base,255,3,9
base,255,4,36
base,255,5,19
base,256,1,12
base,256,2,11
base,256,3,20
base,256,4,34
base,256,5,26
base,257,1,20
base,257,2,11
base,257,3,9
base,257,4,2
base,257,5,1
base,258,1,18
base,258,2,92
base,258,3,20
base,258,4,37
base,258,5,130
base,259,1,26
base,259,2,11
base,259,3,36
base,259,4,37
base,259,5,31
base,260,1,18
base,260,2,12
base,260,3,36
base,260,4,22
base,260,5,123
base,261,1,3
base,261,2,130
base,261,3,32
base,261,4,18
base,261,5,9
base,262,1,183
base,262,2,31
base,262,3,22
base,262,4,34
base,262,5,11
base,263,1,37
base,263,2,22
base,263,3,178
base,263,4,34
base,263,5,11
base,264,1,10
base,264,2,2
base,264,3,36
base,264,4,12
base,264,5,51
base,265,1,36
base,265,2,15
base,265,3,22
base,265,4,178
base,265,5,32
base,266,1,22
base,266,2,1
base,266,3,36
base,266,4,19
base,266,5,31
base,267,1,19
base,267,2,2
base,267,3,17
base,267,4,1
base,267,5,61
base,268,1,20
base,268,2,27
base,268,3,31
base,268,4,12
base,268,5,15
base,269,1,34
base,269,2,26
base,269,3,31
base,269,4,2
base,269,5,193
base,270,1,130
base,270,2,26
base,270,3,32
base,270,4,3
base,270,5,179
base,271,1,32
base,271,2,19
base,271,3,22
base,271,4,15
base,271,5,36
base,272,1,36
base,272,2,26
base,272,3,20
base,272,4,49
base,272,5,18
base,273,1,18
base,273,2,126
base,273,3,108
base,273,4,9
base,273,5,37
base,274,1,32
base,274,2,17
base,274,3,1
base,274,4,2
base,274,5,19
base,275,1,15
base,275,2,9
base,275,3,19
base,275,4,126
base,275,5,84
base,276,1,12
base,276,2,9
base,276,3,166
base,276,4,142
base,276,5,15
base,277,1,22
base,277,2,19
base,277,3,32
base,277,4,1
base,277,5,37
base,278,1,46
base,278,2,3
base,278,3,22
base,278,4,32
base,278,5,18
base,279,1,18
base,279,2,36
base,279,3,183
base,279,4,132
base,279,5,3
base,280,1,22
base,280,2,36
base,280,3,27
base,280,4,194
base,280,5,17
recsys_only,131,1,169
recsys_only,131,2,20
recsys_only,131,3,37
recsys_only,131,4,183
recsys_only,131,5,17
recsys_only,132,1,50
recsys_only,132,2,12
recsys_only,132,3,69
recsys_only,132,4,63
recsys_only,132,5,46
recsys_only,133,1,110
recsys_only,133,2,107
recsys_only,133,3,111
recsys_only,133,4,104
recsys_only,133,5,109
recsys_only,134,1,12
recsys_only,134,2,63
recsys_only,134,3,69
recsys_only,134,4,50
recsys_only,134,5,81
recsys_only,135,1,36
recsys_only,135,2,61
recsys_only,135,3,62
recsys_only,135,4,102
recsys_only,135,5,34
recsys_only,136,1,36
recsys_only,136,2,61
recsys_only,136,3,62
recsys_only,136,4,102
recsys_only,136,5,34
recsys_only,137,1,36
recsys_only,137,2,61
recsys_only,137,3,34
recsys_only,137,4,53
recsys_only,137,5,71
recsys_only,138,1,3
recsys_only,138,2,62
recsys_only,138,3,59
recsys_only,138,4,36
recsys_only,138,5,48
recsys_only,139,1,17
recsys_only,139,2,169
recsys_only,139,3,20
recsys_only,139,4,37
recsys_only,139,5,93
recsys_only,140,1,36
recsys_only,140,2,61
recsys_only,140,3,62
recsys_only,140,4,102
recsys_only,140,5,165
recsys_only,141,1,2
recsys_only,141,2,133
recsys_only,141,3,166
recsys_only,141,4,110
recsys_only,141,5,111
recsys_only,142,1,17
recsys_only,142,2,93
recsys_only,142,3,151
recsys_only,142,4,18
recsys_only,142,5,20
recsys_only,143,1,36
recsys_only,143,2,61
recsys_only,143,3,62
recsys_only,143,4,102
recsys_only,143,5,34
recsys_only,144,1,17
recsys_only,144,2,176
recsys_only,144,3,18
recsys_only,144,4,34
recsys_only,144,5,20
recsys_only,145,1,36
recsys_only,145,2,62
recsys_only,145,3,61
recsys_only,145,4,17
recsys_only,145,5,102
recsys_only,146,1,2
recsys_only,146,2,108
recsys_only,146,3,106
recsys_only,146,4,152
recsys_only,146,5,57
recsys_only,147,1,2
recsys_only,147,2,10
recsys_only,147,3,26
recsys_only,147,4,110
recsys_only,147,5,104
recsys_only,148,1,17
recsys_only,148,2,20
recsys_only,148,3,37
recsys_only,148,4,93
recsys_only,148,5,151
recsys_only,149,1,36
recsys_only,149,2,61
recsys_only,149,3,62
recsys_only,149,4,102
recsys_only,149,5,34
recsys_only,150,1,9
recsys_only,150,2,22
recsys_only,150,3,46
recsys_only,150,4,32
recsys_only,150,5,84
recsys_only,151,1,1
recsys_only,151,2,11
recsys_only,151,3,9
recsys_only,151,4,113
recsys_only,151,5,119
recsys_only,152,1,17
recsys_only,152,2,18
recsys_only,152,3,34
recsys_only,152,4,19
recsys_only,152,5,20
recsys_only,153,1,17
recsys_only,153,2,93
recsys_only,153,3,20
recsys_only,153,4,151
recsys_only,153,5,34
recsys_only,154,1,17
recsys_only,154,2,102
recsys_only,154,3,10
recsys_only,154,4,15
recsys_only,154,5,20
recsys_only,155,1,36
recsys_only,155,2,61
recsys_only,155,3,62
recsys_only,155,4,102
recsys_only,155,5,34
recsys_only,156,1,17
recsys_only,156,2,20
recsys_only,156,3,37
recsys_only,156,4,93
recsys_only,156,5,102
recsys_only,157,1,36
recsys_only,157,2,61
recsys_only,157,3,62
recsys_only,157,4,102
recsys_only,157,5,34
recsys_only,158,1,36
recsys_only,158,2,61
recsys_only,158,3,62
recsys_only,158,4,34
recsys_only,158,5,189
recsys_only,159,1,36
recsys_only,159,2,61
recsys_only,159,3,62
recsys_only,159,4,102
recsys_only,159,5,34
recsys_only,160,1,1
recsys_only,160,2,17
recsys_only,160,3,11
recsys_only,160,4,22
recsys_only,160,5,9
recsys_only,161,1,3
recsys_only,161,2,59
recsys_only,161,3,62
recsys_only,161,4,76
recsys_only,161,5,2
recsys_only,162,1,17
recsys_only,162,2,93
recsys_only,162,3,102
recsys_only,162,4,18
recsys_only,162,5,34
recsys_only,163,1,50
recsys_only,163,2,69
recsys_only,163,3,12
recsys_only,163,4,63
recsys_only,163,5,165
recsys_only,164,1,9
recsys_only,164,2,84
recsys_only,164,3,22
recsys_only,164,4,32
recsys_only,164,5,46
recsys_only,165,1,2
recsys_only,165,2,133
recsys_only,165,3,166
recsys_only,165,4,57
recsys_only,165,5,109
recsys_only,166,1,2
recsys_only,166,2,133
recsys_only,166,3,166
recsys_only,166,4,110
recsys_only,166,5,108
recsys_only,167,1,36
recsys_only,167,2,61
recsys_only,167,3,62
recsys_only,167,4,102
recsys_only,167,5,34
recsys_only,168,1,36
recsys_only,168,2,61
recsys_only,168,3,62
recsys_only,168,4,102
recsys_only,168,5,34
recsys_only,169,1,36
recsys_only,169,2,61
recsys_only,169,3,62
recsys_only,169,4,102
recsys_only,169,5,34
recsys_only,170,1,69
recsys_only,170,2,50
recsys_only,170,3,12
recsys_only,170,4,165
recsys_only,170,5,63
recsys_only,171,1,106
recsys_only,171,2,108
recsys_only,171,3,2
recsys_only,171,4,133
recsys_only,171,5,130
recsys_only,172,1,9
recsys_only,172,2,84
recsys_only,172,3,103
recsys_only,172,4,22
recsys_only,172,5,26
recsys_only,173,1,9
recsys_only,173,2,84
recsys_only,173,3,22
recsys_only,173,4,46
recsys_only,173,5,32
recsys_only,174,1,9
recsys_only,174,2,84
recsys_only,174,3,22
recsys_only,174,4,32
recsys_only,174,5,46
recsys_only,175,1,17
recsys_only,175,2,93
recsys_only,175,3,151
recsys_only,175,4,18
recsys_only,175,5,34
recsys_only,176,1,12
recsys_only,176,2,50
recsys_only,176,3,69
recsys_only,176,4,81
recsys_only,176,5,63
recsys_only,177,1,36
recsys_only,177,2,61
recsys_only,177,3,62
recsys_only,177,4,34
recsys_only,177,5,102
recsys_only,178,1,22
recsys_only,178,2,9
recsys_only,178,3,32
recsys_only,178,4,46
recsys_only,178,5,84
recsys_only,179,1,12
recsys_only,179,2,50
recsys_only,179,3,69
recsys_only,179,4,81
recsys_only,179,5,63
recsys_only,180,1,36
recsys_only,180,2,61
recsys_only,180,3,62
recsys_only,180,4,34
recsys_only,180,5,53
recsys_only,181,1,20
recsys_only,181,2,37
recsys_only,181,3,17
recsys_only,181,4,10
recsys_only,181,5,15
recsys_only,182,1,2
recsys_only,182,2,133
recsys_only,182,3,166
recsys_only,182,4,104
recsys_only,182,5,111
recsys_only,183,1,26
recsys_only,183,2,2
recsys_only,183,3,9
recsys_only,183,4,10
recsys_only,183,5,22
recsys_only,184,1,2
recsys_only,184,2,133
recsys_only,184,3,166
recsys_only,184,4,108
recsys_only,184,5,111
recsys_only,185,1,169
recsys_only,185,2,183
recsys_only,185,3,20
recsys_only,185,4,37
recsys_only,185,5,9
recsys_only,186,1,1
recsys_only,186,2,11
recsys_only,186,3,17
recsys_only,186,4,3
recsys_only,186,5,34
recsys_only,187,1,36
recsys_only,187,2,61
recsys_only,187,3,62
recsys_only,187,4,102
recsys_only,187,5,34
recsys_only,188,1,9
recsys_only,188,2,84
recsys_only,188,3,103
recsys_only,188,4,26
recsys_only,188,5,22
recsys_only,189,1,9
recsys_only,189,2,84
recsys_only,189,3,22
recsys_only,189,4,32
recsys_only,189,5,46
recsys_only,190,1,107
recsys_only,190,2,111
recsys_only,190,3,109
recsys_only,190,4,110
recsys_only,190,5,104
recsys_only,191,1,111
recsys_only,191,2,110
recsys_only,191,3,104
recsys_only,191,4,107
recsys_only,191,5,109
recsys_only,192,1,2
recsys_only,192,2,152
recsys_only,192,3,57
recsys_only,192,4,1
recsys_only,192,5,11
recsys_only,193,1,12
recsys_only,193,2,50
recsys_only,193,3,69
recsys_only,193,4,81
recsys_only,193,5,63
recsys_only,194,1,9
recsys_only,194,2,84
recsys_only,194,3,22
recsys_only,194,4,32
recsys_only,194,5,46
recsys_only,195,1,36
recsys_only,195,2,61
recsys_only,195,3,62
recsys_only,195,4,2
recsys_only,195,5,102
recsys_only,196,1,9
recsys_only,196,2,84
recsys_only,196,3,103
recsys_only,196,4,43
recsys_only,196,5,118
recsys_only,197,1,9
recsys_only,197,2,145
recsys_only,197,3,84
recsys_only,197,4,22
recsys_only,197,5,26
recsys_only,198,1,36
recsys_only,198,2,62
recsys_only,198,3,61
recsys_only,198,4,17
recsys_only,198,5,1
recsys_only,199,1,12
recsys_only,199,2,50
recsys_only,199,3,69
recsys_only,199,4,81
recsys_only,199,5,63
recsys_only,200,1,9
recsys_only,200,2,145
recsys_only,200,3,22
recsys_only,200,4,84
recsys_only,200,5,26
recsys_only,201,1,20
recsys_only,201,2,37
recsys_only,201,3,169
recsys_only,201,4,15
recsys_only,201,5,17
recsys_only,202,1,110
recsys_only,202,2,107
recsys_only,202,3,111
recsys_only,202,4,104
recsys_only,202,5,109
recsys_only,203,1,36
recsys_only,203,2,61
recsys_only,203,3,62
recsys_only,203,4,34
recsys_only,203,5,102
recsys_only,204,1,62
recsys_only,204,2,36
recsys_only,204,3,61
recsys_only,204,4,102
recsys_only,204,5,34
recsys_only,205,1,17
recsys_only,205,2,20
recsys_only,205,3,37
recsys_only,205,4,169
recsys_only,205,5,93
recsys_only,206,1,17
recsys_only,206,2,18
recsys_only,206,3,34
recsys_only,206,4,19
recsys_only,206,5,53
recsys_only,207,1,2
recsys_only,207,2,133
recsys_only,207,3,166
recsys_only,207,4,108
recsys_only,207,5,111
recsys_only,208,1,22
recsys_only,208,2,31
recsys_only,208,3,9
recsys_only,208,4,86
recsys_only,208,5,46
recsys_only,209,1,17
recsys_only,209,2,1
recsys_only,209,3,22
recsys_only,209,4,180
recsys_only,209,5,11
recsys_only,210,1,2
recsys_only,210,2,57
recsys_only,210,3,152
recsys_only,210,4,1
recsys_only,210,5,11
recsys_only,211,1,1
recsys_only,211,2,11
recsys_only,211,3,17
recsys_only,211,4,22
recsys_only,211,5,20
recsys_only,212,1,17
recsys_only,212,2,102
recsys_only,212,3,93
recsys_only,212,4,20
recsys_only,212,5,10
recsys_only,213,1,2
recsys_only,213,2,133
recsys_only,213,3,108
recsys_only,213,4,166
recsys_only,213,5,110
recsys_only,214,1,20
recsys_only,214,2,37
recsys_only,214,3,17
recsys_only,214,4,10
recsys_only,214,5,61
recsys_only,215,1,2
recsys_only,215,2,133
recsys_only,215,3,166
recsys_only,215,4,111
recsys_only,215,5,104
recsys_only,216,1,108
recsys_only,216,2,106
recsys_only,216,3,2
recsys_only,216,4,20
recsys_only,216,5,133
recsys_only,217,1,3
recsys_only,217,2,59
recsys_only,217,3,62
recsys_only,217,4,48
recsys_only,217,5,20
recsys_only,218,1,48
recsys_only,218,2,59
recsys_only,218,3,18
recsys_only,218,4,17
recsys_only,218,5,1
recsys_only,219,1,36
recsys_only,219,2,61
recsys_only,219,3,62
recsys_only,219,4,102
recsys_only,219,5,34
recsys_only,220,1,1
recsys_only,220,2,11
recsys_only,220,3,17
recsys_only,220,4,22
recsys_only,220,5,18
recsys_only,221,1,9
recsys_only,221,2,84
recsys_only,221,3,22
recsys_only,221,4,46
recsys_only,221,5,32
recsys_only,222,1,69
recsys_only,222,2,12
recsys_only,222,3,50
recsys_only,222,4,81
recsys_only,222,5,63
recsys_only,223,1,22
recsys_only,223,2,9
recsys_only,223,3,46
recsys_only,223,4,32
recsys_only,223,5,84
recsys_only,224,1,1
recsys_only,224,2,11
recsys_only,224,3,9
recsys_only,224,4,119
recsys_only,224,5,66
recsys_only,225,1,36
recsys_only,225,2,61
recsys_only,225,3,189
recsys_only,225,4,34
recsys_only,225,5,62
recsys_only,226,1,36
recsys_only,226,2,61
recsys_only,226,3,62
recsys_only,226,4,102
recsys_only,226,5,34
recsys_only,227,1,111
recsys_only,227,2,104
recsys_only,227,3,110
recsys_only,227,4,109
recsys_only,227,5,107
recsys_only,228,1,22
recsys_only,228,2,9
recsys_only,228,3,32
recsys_only,228,4,46
recsys_only,228,5,84
recsys_only,229,1,27
recsys_only,229,2,101
recsys_only,229,3,15
recsys_only,229,4,106
recsys_only,229,5,111
recsys_only,230,1,36
recsys_only,230,2,61
recsys_only,230,3,34
recsys_only,230,4,189
recsys_only,230,5,53
recsys_only,231,1,12
recsys_only,231,2,50
recsys_only,231,3,69
recsys_only,231,4,81
recsys_only,231,5,63
recsys_only,232,1,12
recsys_only,232,2,50
recsys_only,232,3,69
recsys_only,232,4,81
recsys_only,232,5,63
recsys_only,233,1,17
recsys_only,233,2,93
recsys_only,233,3,151
recsys_only,233,4,18
recsys_only,233,5,34
recsys_only,234,1,12
recsys_only,234,2,50
recsys_only,234,3,69
recsys_only,234,4,81
recsys_only,234,5,73
recsys_only,235,1,17
recsys_only,235,2,151
recsys_only,235,3,93
recsys_only,235,4,18
recsys_only,235,5,34
recsys_only,236,1,9
recsys_only,236,2,84
recsys_only,236,3,22
recsys_only,236,4,1
recsys_only,236,5,46
recsys_only,237,1,15
recsys_only,237,2,27
recsys_only,237,3,108
recsys_only,237,4,104
recsys_only,237,5,101
recsys_only,238,1,2
recsys_only,238,2,133
recsys_only,238,3,166
recsys_only,238,4,108
recsys_only,238,5,111
recsys_only,239,1,102
recsys_only,239,2,2
recsys_only,239,3,17
recsys_only,239,4,22
recsys_only,239,5,9
recsys_only,240,1,9
recsys_only,240,2,145
recsys_only,240,3,26
recsys_only,240,4,84
recsys_only,240,5,22
recsys_only,241,1,2
recsys_only,241,2,133
recsys_only,241,3,166
recsys_only,241,4,108
recsys_only,241,5,111
recsys_only,242,1,2
recsys_only,242,2,108
recsys_only,242,3,106
recsys_only,242,4,152
recsys_only,242,5,57
recsys_only,243,1,9
recsys_only,243,2,84
recsys_only,243,3,22
recsys_only,243,4,46
recsys_only,243,5,32
recsys_only,244,1,2
recsys_only,244,2,133
recsys_only,244,3,166
recsys_only,244,4,108
recsys_only,244,5,106
recsys_only,245,1,36
recsys_only,245,2,62
recsys_only,245,3,61
recsys_only,245,4,102
recsys_only,245,5,34
recsys_only,246,1,26
recsys_only,246,2,9
recsys_only,246,3,2
recsys_only,246,4,10
recsys_only,246,5,145
recsys_only,247,1,18
recsys_only,247,2,34
recsys_only,247,3,17
recsys_only,247,4,19
recsys_only,247,5,53
recsys_only,248,1,108
recsys_only,248,2,106
recsys_only,248,3,2
recsys_only,248,4,133
recsys_only,248,5,130
recsys_only,249,1,9
recsys_only,249,2,84
recsys_only,249,3,22
recsys_only,249,4,46
recsys_only,249,5,32
recsys_only,250,1,69
recsys_only,250,2,50
recsys_only,250,3,12
recsys_only,250,4,63
recsys_only,250,5,165
recsys_only,251,1,111
recsys_only,251,2,109
recsys_only,251,3,107
recsys_only,251,4,104
recsys_only,251,5,110
recsys_only,252,1,36
recsys_only,252,2,61
recsys_only,252,3,62
recsys_only,252,4,34
recsys_only,252,5,102
recsys_only,253,1,9
recsys_only,253,2,84
recsys_only,253,3,22
recsys_only,253,4,32
recsys_only,253,5,46
recsys_only,254,1,36
recsys_only,254,2,61
recsys_only,254,3,62
recsys_only,254,4,102
recsys_only,254,5,34
recsys_only,255,1,12
recsys_only,255,2,50
recsys_only,255,3,69
recsys_only,255,4,81
recsys_only,255,5,63
recsys_only,256,1,2
recsys_only,256,2,57
recsys_only,256,3,152
recsys_only,256,4,143
recsys_only,256,5,10
recsys_only,257,1,12
recsys_only,257,2,50
recsys_only,257,3,69
recsys_only,257,4,81
recsys_only,257,5,63
recsys_only,258,1,9
recsys_only,258,2,84
recsys_only,258,3,22
recsys_only,258,4,46
recsys_only,258,5,32
recsys_only,259,1,22
recsys_only,259,2,9
recsys_only,259,3,46
recsys_only,259,4,32
recsys_only,259,5,84
recsys_only,260,1,36
recsys_only,260,2,62
recsys_only,260,3,2
recsys_only,260,4,61
recsys_only,260,5,17
recsys_only,261,1,36
recsys_only,261,2,61
recsys_only,261,3,62
recsys_only,261,4,34
recsys_only,261,5,102
recsys_only,262,1,9
recsys_only,262,2,145
recsys_only,262,3,22
recsys_only,262,4,84
recsys_only,262,5,26
recsys_only,263,1,169
recsys_only,263,2,183
recsys_only,263,3,20
recsys_only,263,4,37
recsys_only,263,5,9
recsys_only,264,1,26
recsys_only,264,2,2
recsys_only,264,3,9
recsys_only,264,4,10
recsys_only,264,5,145
recsys_only,265,1,2
recsys_only,265,2,133
recsys_only,265,3,166
recsys_only,265,4,111
recsys_only,265,5,108
recsys_only,266,1,9
recsys_only,266,2,84
recsys_only,266,3,22
recsys_only,266,4,46
recsys_only,266,5,32
recsys_only,267,1,36
recsys_only,267,2,61
recsys_only,267,3,165
recsys_only,267,4,34
recsys_only,267,5,71
recsys_only,268,1,36
recsys_only,268,2,61
recsys_only,268,3,62
recsys_only,268,4,34
recsys_only,268,5,102
recsys_only,269,1,17
recsys_only,269,2,20
recsys_only,269,3,37
recsys_only,269,4,160
recsys_only,269,5,93
recsys_only,270,1,106
recsys_only,270,2,108
recsys_only,270,3,2
recsys_only,270,4,133
recsys_only,270,5,130
recsys_only,271,1,9
recsys_only,271,2,84
recsys_only,271,3,103
recsys_only,271,4,22
recsys_only,271,5,26
recsys_only,272,1,2
recsys_only,272,2,133
recsys_only,272,3,166
recsys_only,272,4,108
recsys_only,272,5,109
recsys_only,273,1,36
recsys_only,273,2,34
recsys_only,273,3,2
recsys_only,273,4,53
recsys_only,273,5,9
recsys_only,274,1,12
recsys_only,274,2,50
recsys_only,274,3,69
recsys_only,274,4,63
recsys_only,274,5,81
recsys_only,275,1,9
recsys_only,275,2,145
recsys_only,275,3,84
recsys_only,275,4,26
recsys_only,275,5,22
recsys_only,276,1,36
recsys_only,276,2,61
recsys_only,276,3,62
recsys_only,276,4,17
recsys_only,276,5,22
recsys_only,277,1,20
recsys_only,277,2,37
recsys_only,277,3,17
recsys_only,277,4,169
recsys_only,277,5,93
recsys_only,278,1,12
recsys_only,278,2,69
recsys_only,278,3,50
recsys_only,278,4,63
recsys_only,278,5,81
recsys_only,279,1,36
recsys_only,279,2,61
recsys_only,279,3,62
recsys_only,279,4,102
recsys_only,279,5,34
recsys_only,280,1,9
recsys_only,280,2,84
recsys_only,280,3,43
recsys_only,280,4,103
recsys_only,280,5,118
recsys_prof_rank,131,1,169
recsys_prof_rank,131,2,20
recsys_prof_rank,131,3,37
recsys_prof_rank,131,4,183
recsys_prof_rank,131,5,17
recsys_prof_rank,132,1,50
recsys_prof_rank,132,2,12
recsys_prof_rank,132,3,69
recsys_prof_rank,132,4,63
recsys_prof_rank,132,5,46
recsys_prof_rank,133,1,110
recsys_prof_rank,133,2,107
recsys_prof_rank,133,3,111
recsys_prof_rank,133,4,104
recsys_prof_rank,133,5,109
recsys_prof_rank,134,1,12
recsys_prof_rank,134,2,63
recsys_prof_rank,134,3,69
recsys_prof_rank,134,4,50
recsys_prof_rank,134,5,81
recsys_prof_rank,135,1,36
recsys_prof_rank,135,2,61
recsys_prof_rank,135,3,62
recsys_prof_rank,135,4,102
recsys_prof_rank,135,5,34
recsys_prof_rank,136,1,36
recsys_prof_rank,136,2,61
recsys_prof_rank,136,3,62
recsys_prof_rank,136,4,102
recsys_prof_rank,136,5,34
recsys_prof_rank,137,1,36
recsys_prof_rank,137,2,61
recsys_prof_rank,137,3,34
recsys_prof_rank,137,4,53
recsys_prof_rank,137,5,71
recsys_prof_rank,138,1,3
recsys_prof_rank,138,2,62
recsys_prof_rank,138,3,59
recsys_prof_rank,138,4,36
recsys_prof_rank,138,5,48
recsys_prof_rank,139,1,17
recsys_prof_rank,139,2,169
recsys_prof_rank,139,3,20
recsys_prof_rank,139,4,37
recsys_prof_rank,139,5,93
recsys_prof_rank,140,1,36
recsys_prof_rank,140,2,61
recsys_prof_rank,140,3,62
recsys_prof_rank,140,4,102
recsys_prof_rank,140,5,165
recsys_prof_rank,141,1,2
recsys_prof_rank,141,2,133
recsys_prof_rank,141,3,166
recsys_prof_rank,141,4,110
recsys_prof_rank,141,5,111
recsys_prof_rank,142,1,17
recsys_prof_rank,142,2,93
recsys_prof_rank,142,3,151
recsys_prof_rank,142,4,18
recsys_prof_rank,142,5,20
recsys_prof_rank,143,1,36
recsys_prof_rank,143,2,61
recsys_prof_rank,143,3,62
recsys_prof_rank,143,4,102
recsys_prof_rank,143,5,34
recsys_prof_rank,144,1,17
recsys_prof_rank,144,2,176
recsys_prof_rank,144,3,18
recsys_prof_rank,144,4,34
recsys_prof_rank,144,5,20
recsys_prof_rank,145,1,36
recsys_prof_rank,145,2,62
recsys_prof_rank,145,3,61
recsys_prof_rank,145,4,17
recsys_prof_rank,145,5,102
recsys_prof_rank,146,1,2
recsys_prof_rank,146,2,108
recsys_prof_rank,146,3,106
recsys_prof_rank,146,4,152
recsys_prof_rank,146,5,57
recsys_prof_rank,147,1,2
recsys_prof_rank,147,2,10
recsys_prof_rank,147,3,26
recsys_prof_rank,147,4,110
recsys_prof_rank,147,5,104
recsys_prof_rank,148,1,17
recsys_prof_rank,148,2,20
recsys_prof_rank,148,3,37
recsys_prof_rank,148,4,93
recsys_prof_rank,148,5,151
recsys_prof_rank,149,1,36
recsys_prof_rank,149,2,61
recsys_prof_rank,149,3,62
recsys_prof_rank,149,4,102
recsys_prof_rank,149,5,34
recsys_prof_rank,150,1,9
recsys_prof_rank,150,2,22
recsys_prof_rank,150,3,46
recsys_prof_rank,150,4,32
recsys_prof_rank,150,5,84
recsys_prof_rank,151,1,1
recsys_prof_rank,151,2,11
recsys_prof_rank,151,3,9
recsys_prof_rank,151,4,113
recsys_prof_rank,151,5,119
recsys_prof_rank,152,1,17
recsys_prof_rank,152,2,18
recsys_prof_rank,152,3,34
recsys_prof_rank,152,4,19
recsys_prof_rank,152,5,20
recsys_prof_rank,153,1,17
recsys_prof_rank,153,2,93
recsys_prof_rank,153,3,20
recsys_prof_rank,153,4,151
recsys_prof_rank,153,5,34
recsys_prof_rank,154,1,17
recsys_prof_rank,154,2,102
recsys_prof_rank,154,3,10
recsys_prof_rank,154,4,15
recsys_prof_rank,154,5,20
recsys_prof_rank,155,1,36
recsys_prof_rank,155,2,61
recsys_prof_rank,155,3,62
recsys_prof_rank,155,4,102
recsys_prof_rank,155,5,34
recsys_prof_rank,156,1,17
recsys_prof_rank,156,2,20
recsys_prof_rank,156,3,37
recsys_prof_rank,156,4,93
recsys_prof_rank,156,5,102
recsys_prof_rank,157,1,36
recsys_prof_rank,157,2,61
recsys_prof_rank,157,3,62
recsys_prof_rank,157,4,102
recsys_prof_rank,157,5,34
recsys_prof_rank,158,1,36
recsys_prof_rank,158,2,61
recsys_prof_rank,158,3,62
recsys_prof_rank,158,4,34
recsys_prof_rank,158,5,189
recsys_prof_rank,159,1,36
recsys_prof_rank,159,2,61
recsys_prof_rank,159,3,62
recsys_prof_rank,159,4,102
recsys_prof_rank,159,5,34
recsys_prof_rank,160,1,1
recsys_prof_rank,160,2,17
recsys_prof_rank,160,3,11
recsys_prof_rank,160,4,22
recsys_prof_rank,160,5,9
recsys_prof_rank,161,1,3
recsys_prof_rank,161,2,59
recsys_prof_rank,161,3,62
recsys_prof_rank,161,4,76
recsys_prof_rank,161,5,2
recsys_prof_rank,162,1,17
recsys_prof_rank,162,2,93
recsys_prof_rank,162,3,102
recsys_prof_rank,162,4,18
recsys_prof_rank,162,5,34
recsys_prof_rank,163,1,50
recsys_prof_rank,163,2,69
recsys_prof_rank,163,3,12
recsys_prof_rank,163,4,63
recsys_prof_rank,163,5,165
recsys_prof_rank,164,1,9
recsys_prof_rank,164,2,84
recsys_prof_rank,164,3,22
recsys_prof_rank,164,4,32
recsys_prof_rank,164,5,46
recsys_prof_rank,165,1,2
recsys_prof_rank,165,2,133
recsys_prof_rank,165,3,166
recsys_prof_rank,165,4,57
recsys_prof_rank,165,5,109
recsys_prof_rank,166,1,2
recsys_prof_rank,166,2,133
recsys_prof_rank,166,3,166
recsys_prof_rank,166,4,110
recsys_prof_rank,166,5,108
recsys_prof_rank,167,1,36
recsys_prof_rank,167,2,61
recsys_prof_rank,167,3,62
recsys_prof_rank,167,4,102
recsys_prof_rank,167,5,34
recsys_prof_rank,168,1,36
recsys_prof_rank,168,2,61
recsys_prof_rank,168,3,62
recsys_prof_rank,168,4,102
recsys_prof_rank,168,5,34
recsys_prof_rank,169,1,36
recsys_prof_rank,169,2,61
recsys_prof_rank,169,3,62
recsys_prof_rank,169,4,102
recsys_prof_rank,169,5,34
recsys_prof_rank,170,1,69
recsys_prof_rank,170,2,50
recsys_prof_rank,170,3,12
recsys_prof_rank,170,4,165
recsys_prof_rank,170,5,63
recsys_prof_rank,171,1,106
recsys_prof_rank,171,2,108
recsys_prof_rank,171,3,2
recsys_prof_rank,171,4,133
recsys_prof_rank,171,5,130
recsys_prof_rank,172,1,9
recsys_prof_rank,172,2,84
recsys_prof_rank,172,3,103
recsys_prof_rank,172,4,22
recsys_prof_rank,172,5,26
recsys_prof_rank,173,1,9
recsys_prof_rank,173,2,84
recsys_prof_rank,173,3,22
recsys_prof_rank,173,4,46
recsys_prof_rank,173,5,32
recsys_prof_rank,174,1,9
recsys_prof_rank,174,2,84
recsys_prof_rank,174,3,22
recsys_prof_rank,174,4,32
recsys_prof_rank,174,5,46
recsys_prof_rank,175,1,17
recsys_prof_rank,175,2,93
recsys_prof_rank,175,3,151
recsys_prof_rank,175,4,18
recsys_prof_rank,175,5,34
recsys_prof_rank,176,1,12
recsys_prof_rank,176,2,50
recsys_prof_rank,176,3,69
recsys_prof_rank,176,4,81
recsys_prof_rank,176,5,63
recsys_prof_rank,177,1,36
recsys_prof_rank,177,2,61
recsys_prof_rank,177,3,62
recsys_prof_rank,177,4,34
recsys_prof_rank,177,5,102
recsys_prof_rank,178,1,22
recsys_prof_rank,178,2,9
recsys_prof_rank,178,3,32
recsys_prof_rank,178,4,46
recsys_prof_rank,178,5,84
recsys_prof_rank,179,1,12
recsys_prof_rank,179,2,50
recsys_prof_rank,179,3,69
recsys_prof_rank,179,4,81
recsys_prof_rank,179,5,63
recsys_prof_rank,180,1,36
recsys_prof_rank,180,2,61
recsys_prof_rank,180,3,62
recsys_prof_rank,180,4,34
recsys_prof_rank,180,5,53
recsys_prof_rank,181,1,20
recsys_prof_rank,181,2,37
recsys_prof_rank,181,3,17
recsys_prof_rank,181,4,10
recsys_prof_rank,181,5,15
recsys_prof_rank,182,1,2
recsys_prof_rank,182,2,133
recsys_prof_rank,182,3,166
recsys_prof_rank,182,4,104
recsys_prof_rank,182,5,111
recsys_prof_rank,183,1,26
recsys_prof_rank,183,2,2
recsys_prof_rank,183,3,9
recsys_prof_rank,183,4,10
recsys_prof_rank,183,5,22
recsys_prof_rank,184,1,2
recsys_prof_rank,184,2,133
recsys_prof_rank,184,3,166
recsys_prof_rank,184,4,108
recsys_prof_rank,184,5,111
recsys_prof_rank,185,1,169
recsys_prof_rank,185,2,183
recsys_prof_rank,185,3,20
recsys_prof_rank,185,4,37
recsys_prof_rank,185,5,9
recsys_prof_rank,186,1,1
recsys_prof_rank,186,2,11
recsys_prof_rank,186,3,17
recsys_prof_rank,186,4,3
recsys_prof_rank,186,5,34
recsys_prof_rank,187,1,36
recsys_prof_rank,187,2,61
recsys_prof_rank,187,3,62
recsys_prof_rank,187,4,102
recsys_prof_rank,187,5,34
recsys_prof_rank,188,1,9
recsys_prof_rank,188,2,84
recsys_prof_rank,188,3,103
recsys_prof_rank,188,4,26
recsys_prof_rank,188,5,22
recsys_prof_rank,189,1,9
recsys_prof_rank,189,2,84
recsys_prof_rank,189,3,22
recsys_prof_rank,189,4,32
recsys_prof_rank,189,5,46
recsys_prof_rank,190,1,107
recsys_prof_rank,190,2,111
recsys_prof_rank,190,3,109
recsys_prof_rank,190,4,110
recsys_prof_rank,190,5,104
recsys_prof_rank,191,1,111
recsys_prof_rank,191,2,110
recsys_prof_rank,191,3,104
recsys_prof_rank,191,4,107
recsys_prof_rank,191,5,109
recsys_prof_rank,192,1,2
recsys_prof_rank,192,2,152
recsys_prof_rank,192,3,57
recsys_prof_rank,192,4,1
recsys_prof_rank,192,5,11
recsys_prof_rank,193,1,12
recsys_prof_rank,193,2,50
recsys_prof_rank,193,3,69
recsys_prof_rank,193,4,81
recsys_prof_rank,193,5,63
recsys_prof_rank,194,1,9
recsys_prof_rank,194,2,84
recsys_prof_rank,194,3,22
recsys_prof_rank,194,4,32
recsys_prof_rank,194,5,46
recsys_prof_rank,195,1,36
recsys_prof_rank,195,2,61
recsys_prof_rank,195,3,62
recsys_prof_rank,195,4,2
recsys_prof_rank,195,5,102
recsys_prof_rank,196,1,9
recsys_prof_rank,196,2,84
recsys_prof_rank,196,3,103
recsys_prof_rank,196,4,43
recsys_prof_rank,196,5,118
recsys_prof_rank,197,1,9
recsys_prof_rank,197,2,145
recsys_prof_rank,197,3,84
recsys_prof_rank,197,4,22
recsys_prof_rank,197,5,26
recsys_prof_rank,198,1,36
recsys_prof_rank,198,2,62
recsys_prof_rank,198,3,61
recsys_prof_rank,198,4,17
recsys_prof_rank,198,5,1
recsys_prof_rank,199,1,12
recsys_prof_rank,199,2,50
recsys_prof_rank,199,3,69
recsys_prof_rank,199,4,81
recsys_prof_rank,199,5,63
recsys_prof_rank,200,1,9
recsys_prof_rank,200,2,145
recsys_prof_rank,200,3,22
recsys_prof_rank,200,4,84
recsys_prof_rank,200,5,26
recsys_prof_rank,201,1,20
recsys_prof_rank,201,2,37
recsys_prof_rank,201,3,169
recsys_prof_rank,201,4,15
recsys_prof_rank,201,5,17
recsys_prof_rank,202,1,110
recsys_prof_rank,202,2,107
recsys_prof_rank,202,3,111
recsys_prof_rank,202,4,104
recsys_prof_rank,202,5,109
recsys_prof_rank,203,1,36
recsys_prof_rank,203,2,61
recsys_prof_rank,203,3,62
recsys_prof_rank,203,4,34
recsys_prof_rank,203,5,102
recsys_prof_rank,204,1,62
recsys_prof_rank,204,2,36
recsys_prof_rank,204,3,61
recsys_prof_rank,204,4,102
recsys_prof_rank,204,5,34
recsys_prof_rank,205,1,17
recsys_prof_rank,205,2,20
recsys_prof_rank,205,3,37
recsys_prof_rank,205,4,169
recsys_prof_rank,205,5,93
recsys_prof_rank,206,1,17
recsys_prof_rank,206,2,18
recsys_prof_rank,206,3,34
recsys_prof_rank,206,4,19
recsys_prof_rank,206,5,53
recsys_prof_rank,207,1,2
recsys_prof_rank,207,2,133
recsys_prof_rank,207,3,166
recsys_prof_rank,207,4,108
recsys_prof_rank,207,5,111
recsys_prof_rank,208,1,22
recsys_prof_rank,208,2,31
recsys_prof_rank,208,3,9
recsys_prof_rank,208,4,86
recsys_prof_rank,208,5,46
recsys_prof_rank,209,1,17
recsys_prof_rank,209,2,1
recsys_prof_rank,209,3,22
recsys_prof_rank,209,4,180
recsys_prof_rank,209,5,11
recsys_prof_rank,210,1,2
recsys_prof_rank,210,2,57
recsys_prof_rank,210,3,152
recsys_prof_rank,210,4,1
recsys_prof_rank,210,5,11
recsys_prof_rank,211,1,1
recsys_prof_rank,211,2,11
recsys_prof_rank,211,3,17
recsys_prof_rank,211,4,22
recsys_prof_rank,211,5,20
recsys_prof_rank,212,1,17
recsys_prof_rank,212,2,102
recsys_prof_rank,212,3,93
recsys_prof_rank,212,4,20
recsys_prof_rank,212,5,10
recsys_prof_rank,213,1,2
recsys_prof_rank,213,2,133
recsys_prof_rank,213,3,108
recsys_prof_rank,213,4,166
recsys_prof_rank,213,5,110
recsys_prof_rank,214,1,20
recsys_prof_rank,214,2,37
recsys_prof_rank,214,3,17
recsys_prof_rank,214,4,10
recsys_prof_rank,214,5,61
recsys_prof_rank,215,1,2
recsys_prof_rank,215,2,133
recsys_prof_rank,215,3,166
recsys_prof_rank,215,4,111
recsys_prof_rank,215,5,104
recsys_prof_rank,216,1,108
recsys_prof_rank,216,2,106
recsys_prof_rank,216,3,2
recsys_prof_rank,216,4,20
recsys_prof_rank,216,5,133
recsys_prof_rank,217,1,3
recsys_prof_rank,217,2,59
recsys_prof_rank,217,3,62
recsys_prof_rank,217,4,48
recsys_prof_rank,217,5,20
recsys_prof_rank,218,1,48
recsys_prof_rank,218,2,59
recsys_prof_rank,218,3,18
recsys_prof_rank,218,4,17
recsys_prof_rank,218,5,1
recsys_prof_rank,219,1,36
recsys_prof_rank,219,2,61
recsys_prof_rank,219,3,62
recsys_prof_rank,219,4,102
recsys_prof_rank,219,5,34
recsys_prof_rank,220,1,1
recsys_prof_rank,220,2,11
recsys_prof_rank,220,3,17
recsys_prof_rank,220,4,22
recsys_prof_rank,220,5,18
recsys_prof_rank,221,1,9
recsys_prof_rank,221,2,84
recsys_prof_rank,221,3,22
recsys_prof_rank,221,4,46
recsys_prof_rank,221,5,32
recsys_prof_rank,222,1,69
recsys_prof_rank,222,2,12
recsys_prof_rank,222,3,50
recsys_prof_rank,222,4,81
recsys_prof_rank,222,5,63
recsys_prof_rank,223,1,22
recsys_prof_rank,223,2,9
recsys_prof_rank,223,3,46
recsys_prof_rank,223,4,32
recsys_prof_rank,223,5,84
recsys_prof_rank,224,1,1
recsys_prof_rank,224,2,11
recsys_prof_rank,224,3,9
recsys_prof_rank,224,4,119
recsys_prof_rank,224,5,66
recsys_prof_rank,225,1,36
recsys_prof_rank,225,2,61
recsys_prof_rank,225,3,189
recsys_prof_rank,225,4,34
recsys_prof_rank,225,5,62
recsys_prof_rank,226,1,36
recsys_prof_rank,226,2,61
recsys_prof_rank,226,3,62
recsys_prof_rank,226,4,102
recsys_prof_rank,226,5,34
recsys_prof_rank,227,1,111
recsys_prof_rank,227,2,104
recsys_prof_rank,227,3,110
recsys_prof_rank,227,4,109
recsys_prof_rank,227,5,107
recsys_prof_rank,228,1,22
recsys_prof_rank,228,2,9
recsys_prof_rank,228,3,32
recsys_prof_rank,228,4,46
recsys_prof_rank,228,5,84
recsys_prof_rank,229,1,27
recsys_prof_rank,229,2,101
recsys_prof_rank,229,3,15
recsys_prof_rank,229,4,106
recsys_prof_rank,229,5,111
recsys_prof_rank,230,1,36
recsys_prof_rank,230,2,61
recsys_prof_rank,230,3,34
recsys_prof_rank,230,4,189
recsys_prof_rank,230,5,53
recsys_prof_rank,231,1,12
recsys_prof_rank,231,2,50
recsys_prof_rank,231,3,69
recsys_prof_rank,231,4,81
recsys_prof_rank,231,5,63
recsys_prof_rank,232,1,12
recsys_prof_rank,232,2,50
recsys_prof_rank,232,3,69
recsys_prof_rank,232,4,81
recsys_prof_rank,232,5,63
recsys_prof_rank,233,1,17
recsys_prof_rank,233,2,93
recsys_prof_rank,233,3,151
recsys_prof_rank,233,4,18
recsys_prof_rank,233,5,34
recsys_prof_rank,234,1,12
recsys_prof_rank,234,2,50
recsys_prof_rank,234,3,69
recsys_prof_rank,234,4,81
recsys_prof_rank,234,5,73
recsys_prof_rank,235,1,17
recsys_prof_rank,235,2,151
recsys_prof_rank,235,3,93
recsys_prof_rank,235,4,18
recsys_prof_rank,235,5,34
recsys_prof_rank,236,1,9
recsys_prof_rank,236,2,84
recsys_prof_rank,236,3,22
recsys_prof_rank,236,4,1
recsys_prof_rank,236,5,46
recsys_prof_rank,237,1,15
recsys_prof_rank,237,2,27
recsys_prof_rank,237,3,108
recsys_prof_rank,237,4,104
recsys_prof_rank,237,5,101
recsys_prof_rank,238,1,2
recsys_prof_rank,238,2,133
recsys_prof_rank,238,3,166
recsys_prof_rank,238,4,108
recsys_prof_rank,238,5,111
recsys_prof_rank,239,1,102
recsys_prof_rank,239,2,2
recsys_prof_rank,239,3,17
recsys_prof_rank,239,4,22
recsys_prof_rank,239,5,9
recsys_prof_rank,240,1,9
recsys_prof_rank,240,2,145
recsys_prof_rank,240,3,26
recsys_prof_rank,240,4,84
recsys_prof_rank,240,5,22
recsys_prof_rank,241,1,2
recsys_prof_rank,241,2,133
recsys_prof_rank,241,3,166
recsys_prof_rank,241,4,108
recsys_prof_rank,241,5,111
recsys_prof_rank,242,1,2
recsys_prof_rank,242,2,108
recsys_prof_rank,242,3,106
recsys_prof_rank,242,4,152
recsys_prof_rank,242,5,57
recsys_prof_rank,243,1,9
recsys_prof_rank,243,2,84
recsys_prof_rank,243,3,22
recsys_prof_rank,243,4,46
recsys_prof_rank,243,5,32
recsys_prof_rank,244,1,2
recsys_prof_rank,244,2,133
recsys_prof_rank,244,3,166
recsys_prof_rank,244,4,108
recsys_prof_rank,244,5,106
recsys_prof_rank,245,1,36
recsys_prof_rank,245,2,62
recsys_prof_rank,245,3,61
recsys_prof_rank,245,4,102
recsys_prof_rank,245,5,34
recsys_prof_rank,246,1,26
recsys_prof_rank,246,2,9
recsys_prof_rank,246,3,2
recsys_prof_rank,246,4,10
recsys_prof_rank,246,5,145
recsys_prof_rank,247,1,18
recsys_prof_rank,247,2,34
recsys_prof_rank,247,3,17
recsys_prof_rank,247,4,19
recsys_prof_rank,247,5,53
recsys_prof_rank,248,1,108
recsys_prof_rank,248,2,106
recsys_prof_rank,248,3,2
recsys_prof_rank,248,4,133
recsys_prof_rank,248,5,130
recsys_prof_rank,249,1,9
recsys_prof_rank,249,2,84
recsys_prof_rank,249,3,22
recsys_prof_rank,249,4,46
recsys_prof_rank,249,5,32
recsys_prof_rank,250,1,69
recsys_prof_rank,250,2,50
recsys_prof_rank,250,3,12
recsys_prof_rank,250,4,63
recsys_prof_rank,250,5,165
recsys_prof_rank,251,1,111
recsys_prof_rank,251,2,109
recsys_prof_rank,251,3,107
recsys_prof_rank,251,4,104
recsys_prof_rank,251,5,110
recsys_prof_rank,252,1,36
recsys_prof_rank,252,2,61
recsys_prof_rank,252,3,62
recsys_prof_rank,252,4,34
recsys_prof_rank,252,5,102
recsys_prof_rank,253,1,9
recsys_prof_rank,253,2,84
recsys_prof_rank,253,3,22
recsys_prof_rank,253,4,32
recsys_prof_rank,253,5,46
recsys_prof_rank,254,1,36
recsys_prof_rank,254,2,61
recsys_prof_rank,254,3,62
recsys_prof_rank,254,4,102
recsys_prof_rank,254,5,34
recsys_prof_rank,255,1,12
recsys_prof_rank,255,2,50
recsys_prof_rank,255,3,69
recsys_prof_rank,255,4,81
recsys_prof_rank,255,5,63
recsys_prof_rank,256,1,2
recsys_prof_rank,256,2,57
recsys_prof_rank,256,3,152
recsys_prof_rank,256,4,143
recsys_prof_rank,256,5,10
recsys_prof_rank,257,1,12
recsys_prof_rank,257,2,50
recsys_prof_rank,257,3,69
recsys_prof_rank,257,4,81
recsys_prof_rank,257,5,63
recsys_prof_rank,258,1,9
recsys_prof_rank,258,2,84
recsys_prof_rank,258,3,22
recsys_prof_rank,258,4,46
recsys_prof_rank,258,5,32
recsys_prof_rank,259,1,22
recsys_prof_rank,259,2,9
recsys_prof_rank,259,3,46
recsys_prof_rank,259,4,32
recsys_prof_rank,259,5,84
recsys_prof_rank,260,1,36
recsys_prof_rank,260,2,62
recsys_prof_rank,260,3,2
recsys_prof_rank,260,4,61
recsys_prof_rank,260,5,17
recsys_prof_rank,261,1,36
recsys_prof_rank,261,2,61
recsys_prof_rank,261,3,62
recsys_prof_rank,261,4,34
recsys_prof_rank,261,5,102
recsys_prof_rank,262,1,9
recsys_prof_rank,262,2,145
recsys_prof_rank,262,3,22
recsys_prof_rank,262,4,84
recsys_prof_rank,262,5,26
recsys_prof_rank,263,1,169
recsys_prof_rank,263,2,183
recsys_prof_rank,263,3,20
recsys_prof_rank,263,4,37
recsys_prof_rank,263,5,9
recsys_prof_rank,264,1,26
recsys_prof_rank,264,2,2
recsys_prof_rank,264,3,9
recsys_prof_rank,264,4,10
recsys_prof_rank,264,5,145
recsys_prof_rank,265,1,2
recsys_prof_rank,265,2,133
recsys_prof_rank,265,3,166
recsys_prof_rank,265,4,111
recsys_prof_rank,265,5,108
recsys_prof_rank,266,1,9
recsys_prof_rank,266,2,84
recsys_prof_rank,266,3,22
recsys_prof_rank,266,4,46
recsys_prof_rank,266,5,32
recsys_prof_rank,267,1,36
recsys_prof_rank,267,2,61
recsys_prof_rank,267,3,165
recsys_prof_rank,267,4,34
recsys_prof_rank,267,5,71
recsys_prof_rank,268,1,36
recsys_prof_rank,268,2,61
recsys_prof_rank,268,3,62
recsys_prof_rank,268,4,34
recsys_prof_rank,268,5,102
recsys_prof_rank,269,1,17
recsys_prof_rank,269,2,20
recsys_prof_rank,269,3,37
recsys_prof_rank,269,4,160
recsys_prof_rank,269,5,93
recsys_prof_rank,270,1,106
recsys_prof_rank,270,2,108
recsys_prof_rank,270,3,2
recsys_prof_rank,270,4,133
recsys_prof_rank,270,5,130
recsys_prof_rank,271,1,9
recsys_prof_rank,271,2,84
recsys_prof_rank,271,3,103
recsys_prof_rank,271,4,22
recsys_prof_rank,271,5,26
recsys_prof_rank,272,1,2
recsys_prof_rank,272,2,133
recsys_prof_rank,272,3,166
recsys_prof_rank,272,4,108
recsys_prof_rank,272,5,109
recsys_prof_rank,273,1,36
recsys_prof_rank,273,2,34
recsys_prof_rank,273,3,2
recsys_prof_rank,273,4,53
recsys_prof_rank,273,5,9
recsys_prof_rank,274,1,12
recsys_prof_rank,274,2,50
recsys_prof_rank,274,3,69
recsys_prof_rank,274,4,63
recsys_prof_rank,274,5,81
recsys_prof_rank,275,1,9
recsys_prof_rank,275,2,145
recsys_prof_rank,275,3,84
recsys_prof_rank,275,4,26
recsys_prof_rank,275,5,22
recsys_prof_rank,276,1,36
recsys_prof_rank,276,2,61
recsys_prof_rank,276,3,62
recsys_prof_rank,276,4,17
recsys_prof_rank,276,5,22
recsys_prof_rank,277,1,20
recsys_prof_rank,277,2,37
recsys_prof_rank,277,3,17
recsys_prof_rank,277,4,169
recsys_prof_rank,277,5,93
recsys_prof_rank,278,1,12
recsys_prof_rank,278,2,69
recsys_prof_rank,278,3,50
recsys_prof_rank,278,4,63
recsys_prof_rank,278,5,81
recsys_prof_rank,279,1,36
recsys_prof_rank,279,2,61
recsys_prof_rank,279,3,62
recsys_prof_rank,279,4,102
recsys_prof_rank,279,5,34
recsys_prof_rank,280,1,9
recsys_prof_rank,280,2,84
recsys_prof_rank,280,3,43
recsys_prof_rank,280,4,103
recsys_prof_rank,280,5,118
stable_matching,131,1,169
stable_matching,131,2,20
stable_matching,131,3,37
stable_matching,131,4,183
stable_matching,131,5,17
stable_matching,132,1,50
stable_matching,132,2,12
stable_matching,132,3,69
stable_matching,132,4,63
stable_matching,132,5,46
stable_matching,133,1,110
stable_matching,133,2,107
stable_matching,133,3,111
stable_matching,133,4,104
stable_matching,133,5,109
stable_matching,134,1,12
stable_matching,134,2,63
stable_matching,134,3,69
stable_matching,134,4,50
stable_matching,134,5,81
stable_matching,135,1,36
stable_matching,135,2,61
stable_matching,135,3,62
stable_matching,135,4,102
stable_matching,135,5,34
stable_matching,136,1,36
stable_matching,136,2,61
stable_matching,136,3,62
stable_matching,136,4,102
stable_matching,136,5,34
stable_matching,137,1,36
stable_matching,137,2,61
stable_matching,137,3,34
stable_matching,137,4,53
stable_matching,137,5,71
stable_matching,138,1,3
stable_matching,138,2,62
stable_matching,138,3,59
stable_matching,138,4,36
stable_matching,138,5,48
stable_matching,139,1,17
stable_matching,139,2,169
stable_matching,139,3,20
stable_matching,139,4,37
stable_matching,139,5,93
stable_matching,140,1,36
stable_matching,140,2,61
stable_matching,140,3,62
stable_matching,140,4,102
stable_matching,140,5,165
stable_matching,141,1,2
stable_matching,141,2,133
stable_matching,141,3,166
stable_matching,141,4,110
stable_matching,141,5,111
stable_matching,142,1,17
stable_matching,142,2,93
stable_matching,142,3,151
stable_matching,142,4,18
stable_matching,142,5,20
stable_matching,143,1,36
stable_matching,143,2,61
stable_matching,143,3,62
stable_matching,143,4,102
stable_matching,143,5,34
stable_matching,144,1,17
stable_matching,144,2,176
stable_matching,144,3,18
stable_matching,144,4,34
stable_matching,144,5,20
stable_matching,145,1,36
stable_matching,145,2,62
stable_matching,145,3,61
stable_matching,145,4,17
stable_matching,145,5,102
stable_matching,146,1,2
stable_matching,146,2,108
stable_matching,146,3,106
stable_matching,146,4,152
stable_matching,146,5,57
stable_matching,147,1,2
stable_matching,147,2,10
stable_matching,147,3,26
stable_matching,147,4,110
stable_matching,147,5,104
stable_matching,148,1,17
stable_matching,148,2,20
stable_matching,148,3,37
stable_matching,148,4,93
stable_matching,148,5,151
stable_matching,149,1,36
stable_matching,149,2,61
stable_matching,149,3,62
stable_matching,149,4,102
stable_matching,149,5,34
stable_matching,150,1,9
stable_matching,150,2,22
stable_matching,150,3,46
stable_matching,150,4,32
stable_matching,150,5,84
stable_matching,151,1,1
stable_matching,151,2,11
stable_matching,151,3,9
stable_matching,151,4,113
stable_matching,151,5,119
stable_matching,152,1,17
stable_matching,152,2,18
stable_matching,152,3,34
stable_matching,152,4,19
stable_matching,152,5,20
stable_matching,153,1,17
stable_matching,153,2,93
stable_matching,153,3,20
stable_matching,153,4,151
stable_matching,153,5,34
stable_matching,154,1,17
stable_matching,154,2,102
stable_matching,154,3,10
stable_matching,154,4,15
stable_matching,154,5,20
stable_matching,155,1,36
stable_matching,155,2,61
stable_matching,155,3,62
stable_matching,155,4,102
stable_matching,155,5,34
stable_matching,156,1,17
stable_matching,156,2,20
stable_matching,156,3,37
stable_matching,156,4,93
stable_matching,156,5,102
stable_matching,157,1,36
stable_matching,157,2,61
stable_matching,157,3,62
stable_matching,157,4,102
stable_matching,157,5,34
stable_matching,158,1,36
stable_matching,158,2,61
stable_matching,158,3,62
stable_matching,158,4,34
stable_matching,158,5,189
stable_matching,159,1,36
stable_matching,159,2,61
stable_matching,159,3,62
stable_matching,159,4,102
stable_matching,159,5,34
stable_matching,160,1,1
stable_matching,160,2,17
stable_matching,160,3,11
stable_matching,160,4,22
stable_matching,160,5,9
stable_matching,161,1,3
stable_matching,161,2,59
stable_matching,161,3,62
stable_matching,161,4,76
stable_matching,161,5,2
stable_matching,162,1,17
stable_matching,162,2,93
stable_matching,162,3,102
stable_matching,162,4,18
stable_matching,162,5,34
stable_matching,163,1,50
stable_matching,163,2,69
stable_matching,163,3,12
stable_matching,163,4,63
stable_matching,163,5,165
stable_matching,164,1,9
stable_matching,164,2,84
stable_matching,164,3,22
stable_matching,164,4,32
stable_matching,164,5,46
stable_matching,165,1,2
stable_matching,165,2,133
stable_matching,165,3,166
stable_matching,165,4,57
stable_matching,165,5,109
stable_matching,166,1,2
stable_matching,166,2,133
stable_matching,166,3,166
stable_matching,166,4,110
stable_matching,166,5,108
stable_matching,167,1,36
stable_matching,167,2,61
stable_matching,167,3,62
stable_matching,167,4,102
stable_matching,167,5,34
stable_matching,168,1,36
stable_matching,168,2,61
stable_matching,168,3,62
stable_matching,168,4,102
stable_matching,168,5,34
stable_matching,169,1,36
stable_matching,169,2,61
stable_matching,169,3,62
stable_matching,169,4,102
stable_matching,169,5,34
stable_matching,170,1,69
stable_matching,170,2,50
stable_matching,170,3,12
stable_matching,170,4,165
stable_matching,170,5,63
stable_matching,171,1,106
stable_matching,171,2,108
stable_matching,171,3,2
stable_matching,171,4,133
stable_matching,171,5,130
stable_matching,172,1,9
stable_matching,172,2,84
stable_matching,172,3,103
stable_matching,172,4,22
stable_matching,172,5,26
stable_matching,173,1,9
stable_matching,173,2,84
stable_matching,173,3,22
stable_matching,173,4,46
stable_matching,173,5,32
stable_matching,174,1,9
stable_matching,174,2,84
stable_matching,174,3,22
stable_matching,174,4,32
stable_matching,174,5,46
stable_matching,175,1,17
stable_matching,175,2,93
stable_matching,175,3,151
stable_matching,175,4,18
stable_matching,175,5,34
stable_matching,176,1,12
stable_matching,176,2,50
stable_matching,176,3,69
stable_matching,176,4,81
stable_matching,176,5,63
stable_matching,177,1,36
stable_matching,177,2,61
stable_matching,177,3,62
stable_matching,177,4,34
stable_matching,177,5,102
stable_matching,178,1,22
stable_matching,178,2,9
stable_matching,178,3,32
stable_matching,178,4,46
stable_matching,178,5,84
stable_matching,179,1,12
stable_matching,179,2,50
stable_matching,179,3,69
stable_matching,179,4,81
stable_matching,179,5,63
stable_matching,180,1,36
stable_matching,180,2,61
stable_matching,180,3,62
stable_matching,180,4,34
stable_matching,180,5,53
stable_matching,181,1,20
stable_matching,181,2,37
stable_matching,181,3,17
stable_matching,181,4,10
stable_matching,181,5,15
stable_matching,182,1,2
stable_matching,182,2,133
stable_matching,182,3,166
stable_matching,182,4,104
stable_matching,182,5,111
stable_matching,183,1,26
stable_matching,183,2,2
stable_matching,183,3,9
stable_matching,183,4,10
stable_matching,183,5,22
stable_matching,184,1,2
stable_matching,184,2,133
stable_matching,184,3,166
stable_matching,184,4,108
stable_matching,184,5,111
stable_matching,185,1,169
stable_matching,185,2,183
stable_matching,185,3,20
stable_matching,185,4,37
stable_matching,185,5,9
stable_matching,186,1,1
stable_matching,186,2,11
stable_matching,186,3,17
stable_matching,186,4,3
stable_matching,186,5,34
stable_matching,187,1,36
stable_matching,187,2,61
stable_matching,187,3,62
stable_matching,187,4,102
stable_matching,187,5,34
stable_matching,188,1,9
stable_matching,188,2,84
stable_matching,188,3,103
stable_matching,188,4,26
stable_matching,188,5,22
stable_matching,189,1,9
stable_matching,189,2,84
stable_matching,189,3,22
stable_matching,189,4,32
stable_matching,189,5,46
stable_matching,190,1,107
stable_matching,190,2,111
stable_matching,190,3,109
stable_matching,190,4,110
stable_matching,190,5,104
stable_matching,191,1,111
stable_matching,191,2,110
stable_matching,191,3,104
stable_matching,191,4,107
stable_matching,191,5,109
stable_matching,192,1,2
stable_matching,192,2,152
stable_matching,192,3,57
stable_matching,192,4,1
stable_matching,192,5,11
stable_matching,193,1,12
stable_matching,193,2,50
stable_matching,193,3,69
stable_matching,193,4,81
stable_matching,193,5,63
stable_matching,194,1,9
stable_matching,194,2,84
stable_matching,194,3,22
stable_matching,194,4,32
stable_matching,194,5,46
stable_matching,195,1,36
stable_matching,195,2,61
stable_matching,195,3,62
stable_matching,195,4,2
stable_matching,195,5,102
stable_matching,196,1,9
stable_matching,196,2,84
stable_matching,196,3,103
stable_matching,196,4,43
stable_matching,196,5,118
stable_matching,197,1,9
stable_matching,197,2,145
stable_matching,197,3,84
stable_matching,197,4,22
stable_matching,197,5,26
stable_matching,198,1,36
stable_matching,198,2,62
stable_matching,198,3,61
stable_matching,198,4,17
stable_matching,198,5,1
stable_matching,199,1,12
stable_matching,199,2,50
stable_matching,199,3,69
stable_matching,199,4,81
stable_matching,199,5,63
stable_matching,200,1,9
stable_matching,200,2,145
stable_matching,200,3,22
stable_matching,200,4,84
stable_matching,200,5,26
stable_matching,201,1,20
stable_matching,201,2,37
stable_matching,201,3,169
stable_matching,201,4,15
stable_matching,201,5,17
stable_matching,202,1,110
stable_matching,202,2,107
stable_matching,202,3,111
stable_matching,202,4,104
stable_matching,202,5,109
stable_matching,203,1,36
stable_matching,203,2,61
stable_matching,203,3,62
stable_matching,203,4,34
stable_matching,203,5,102
stable_matching,204,1,62
stable_matching,204,2,36
stable_matching,204,3,61
stable_matching,204,4,102
stable_matching,204,5,34
stable_matching,205,1,17
stable_matching,205,2,20
stable_matching,205,3,37
stable_matching,205,4,169
stable_matching,205,5,93
stable_matching,206,1,17
stable_matching,206,2,18
stable_matching,206,3,34
stable_matching,206,4,19
stable_matching,206,5,53
stable_matching,207,1,2
stable_matching,207,2,133
stable_matching,207,3,166
stable_matching,207,4,108
stable_matching,207,5,111
stable_matching,208,1,22
stable_matching,208,2,31
stable_matching,208,3,9
stable_matching,208,4,86
stable_matching,208,5,46
stable_matching,209,1,17
stable_matching,209,2,1
stable_matching,209,3,22
stable_matching,209,4,180
stable_matching,209,5,11
stable_matching,210,1,2
stable_matching,210,2,57
stable_matching,210,3,152
stable_matching,210,4,1
stable_matching,210,5,11
stable_matching,211,1,1
stable_matching,211,2,11
stable_matching,211,3,17
stable_matching,211,4,22
stable_matching,211,5,20
stable_matching,212,1,17
stable_matching,212,2,102
stable_matching,212,3,93
stable_matching,212,4,20
stable_matching,212,5,10
stable_matching,213,1,2
stable_matching,213,2,133
stable_matching,213,3,108
stable_matching,213,4,166
stable_matching,213,5,110
stable_matching,214,1,20
stable_matching,214,2,37
stable_matching,214,3,17
stable_matching,214,4,10
stable_matching,214,5,61
stable_matching,215,1,2
stable_matching,215,2,133
stable_matching,215,3,166
stable_matching,215,4,111
stable_matching,215,5,104
stable_matching,216,1,108
stable_matching,216,2,106
stable_matching,216,3,2
stable_matching,216,4,20
stable_matching,216,5,133
stable_matching,217,1,3
stable_matching,217,2,59
stable_matching,217,3,62
stable_matching,217,4,48
stable_matching,217,5,20
stable_matching,218,1,48
stable_matching,218,2,59
stable_matching,218,3,18
stable_matching,218,4,17
stable_matching,218,5,1
stable_matching,219,1,36
stable_matching,219,2,61
stable_matching,219,3,62
stable_matching,219,4,102
stable_matching,219,5,34
stable_matching,220,1,1
stable_matching,220,2,11
stable_matching,220,3,17
stable_matching,220,4,22
stable_matching,220,5,18
stable_matching,221,1,9
stable_matching,221,2,84
stable_matching,221,3,22
stable_matching,221,4,46
stable_matching,221,5,32
stable_matching,222,1,69
stable_matching,222,2,12
stable_matching,222,3,50
stable_matching,222,4,81
stable_matching,222,5,63
stable_matching,223,1,22
stable_matching,223,2,9
stable_matching,223,3,46
stable_matching,223,4,32
stable_matching,223,5,84
stable_matching,224,1,1
stable_matching,224,2,11
stable_matching,224,3,9
stable_matching,224,4,119
stable_matching,224,5,66
stable_matching,225,1,36
stable_matching,225,2,61
stable_matching,225,3,189
stable_matching,225,4,34
stable_matching,225,5,62
stable_matching,226,1,36
stable_matching,226,2,61
stable_matching,226,3,62
stable_matching,226,4,102
stable_matching,226,5,34
stable_matching,227,1,111
stable_matching,227,2,104
stable_matching,227,3,110
stable_matching,227,4,109
stable_matching,227,5,107
stable_matching,228,1,22
stable_matching,228,2,9
stable_matching,228,3,32
stable_matching,228,4,46
stable_matching,228,5,84
stable_matching,229,1,27
stable_matching,229,2,101
stable_matching,229,3,15
stable_matching,229,4,106
stable_matching,229,5,111
stable_matching,230,1,36
stable_matching,230,2,61
stable_matching,230,3,34
stable_matching,230,4,189
stable_matching,230,5,53
stable_matching,231,1,12
stable_matching,231,2,50
stable_matching,231,3,69
stable_matching,231,4,81
stable_matching,231,5,63
stable_matching,232,1,12
stable_matching,232,2,50
stable_matching,232,3,69
stable_matching,232,4,81
stable_matching,232,5,63
stable_matching,233,1,17
stable_matching,233,2,93
stable_matching,233,3,151
stable_matching,233,4,18
stable_matching,233,5,34
stable_matching,234,1,12
stable_matching,234,2,50
stable_matching,234,3,69
stable_matching,234,4,81
stable_matching,234,5,73
stable_matching,235,1,17
stable_matching,235,2,151
stable_matching,235,3,93
stable_matching,235,4,18
stable_matching,235,5,34
stable_matching,236,1,9
stable_matching,236,2,84
stable_matching,236,3,22
stable_matching,236,4,1
stable_matching,236,5,46
stable_matching,237,1,15
stable_matching,237,2,27
stable_matching,237,3,108
stable_matching,237,4,104
stable_matching,237,5,101
stable_matching,238,1,2
stable_matching,238,2,133
stable_matching,238,3,166
stable_matching,238,4,108
stable_matching,238,5,111
stable_matching,239,1,102
stable_matching,239,2,2
stable_matching,239,3,17
stable_matching,239,4,22
stable_matching,239,5,9
stable_matching,240,1,9
stable_matching,240,2,145
stable_matching,240,3,26
stable_matching,240,4,84
stable_matching,240,5,22
stable_matching,241,1,2
stable_matching,241,2,133
stable_matching,241,3,166
stable_matching,241,4,108
stable_matching,241,5,111
stable_matching,242,1,2
stable_matching,242,2,108
stable_matching,242,3,106
stable_matching,242,4,152
stable_matching,242,5,57
stable_matching,243,1,9
stable_matching,243,2,84
stable_matching,243,3,22
stable_matching,243,4,46
stable_matching,243,5,32
stable_matching,244,1,2
stable_matching,244,2,133
stable_matching,244,3,166
stable_matching,244,4,108
stable_matching,244,5,106
stable_matching,245,1,36
stable_matching,245,2,62
stable_matching,245,3,61
stable_matching,245,4,102
stable_matching,245,5,34
stable_matching,246,1,26
stable_matching,246,2,9
stable_matching,246,3,2
stable_matching,246,4,10
stable_matching,246,5,145
stable_matching,247,1,18
stable_matching,247,2,34
stable_matching,247,3,17
stable_matching,247,4,19
stable_matching,247,5,53
stable_matching,248,1,108
stable_matching,248,2,106
stable_matching,248,3,2
stable_matching,248,4,133
stable_matching,248,5,130
stable_matching,249,1,9
stable_matching,249,2,84
stable_matching,249,3,22
stable_matching,249,4,46
stable_matching,249,5,32
stable_matching,250,1,69
stable_matching,250,2,50
stable_matching,250,3,12
stable_matching,250,4,63
stable_matching,250,5,165
stable_matching,251,1,111
stable_matching,251,2,109
stable_matching,251,3,107
stable_matching,251,4,104
stable_matching,251,5,110
stable_matching,252,1,36
stable_matching,252,2,61
stable_matching,252,3,62
stable_matching,252,4,34
stable_matching,252,5,102
stable_matching,253,1,9
stable_matching,253,2,84
stable_matching,253,3,22
stable_matching,253,4,32
stable_matching,253,5,46
stable_matching,254,1,36
stable_matching,254,2,61
stable_matching,254,3,62
stable_matching,254,4,102
stable_matching,254,5,34
stable_matching,255,1,12
stable_matching,255,2,50
stable_matching,255,3,69
stable_matching,255,4,81
stable_matching,255,5,63
stable_matching,256,1,2
stable_matching,256,2,57
stable_matching,256,3,152
stable_matching,256,4,143
stable_matching,256,5,10
stable_matching,257,1,12
stable_matching,257,2,50
stable_matching,257,3,69
stable_matching,257,4,81
stable_matching,257,5,63
stable_matching,258,1,9
stable_matching,258,2,84
stable_matching,258,3,22
stable_matching,258,4,46
stable_matching,258,5,32
stable_matching,259,1,22
stable_matching,259,2,9
stable_matching,259,3,46
stable_matching,259,4,32
stable_matching,259,5,84
stable_matching,260,1,36
stable_matching,260,2,62
stable_matching,260,3,2
stable_matching,260,4,61
stable_matching,260,5,17
stable_matching,261,1,36
stable_matching,261,2,61
stable_matching,261,3,62
stable_matching,261,4,34
stable_matching,261,5,102
stable_matching,262,1,9
stable_matching,262,2,145
stable_matching,262,3,22
stable_matching,262,4,84
stable_matching,262,5,26
stable_matching,263,1,169
stable_matching,263,2,183
stable_matching,263,3,20
stable_matching,263,4,37
stable_matching,263,5,9
stable_matching,264,1,26
stable_matching,264,2,2
stable_matching,264,3,9
stable_matching,264,4,10
stable_matching,264,5,145
stable_matching,265,1,2
stable_matching,265,2,133
stable_matching,265,3,166
stable_matching,265,4,111
stable_matching,265,5,108
stable_matching,266,1,9
stable_matching,266,2,84
stable_matching,266,3,22
stable_matching,266,4,46
stable_matching,266,5,32
stable_matching,267,1,36
stable_matching,267,2,61
stable_matching,267,3,165
stable_matching,267,4,34
stable_matching,267,5,71
stable_matching,268,1,36
stable_matching,268,2,61
stable_matching,268,3,62
stable_matching,268,4,34
stable_matching,268,5,102
stable_matching,269,1,17
stable_matching,269,2,20
stable_matching,269,3,37
stable_matching,269,4,160
stable_matching,269,5,93
stable_matching,270,1,106
stable_matching,270,2,108
stable_matching,270,3,2
stable_matching,270,4,133
stable_matching,270,5,130
stable_matching,271,1,9
stable_matching,271,2,84
stable_matching,271,3,103
stable_matching,271,4,22
stable_matching,271,5,26
stable_matching,272,1,2
stable_matching,272,2,133
stable_matching,272,3,166
stable_matching,272,4,108
stable_matching,272,5,109
stable_matching,273,1,36
stable_matching,273,2,34
stable_matching,273,3,2
stable_matching,273,4,53
stable_matching,273,5,9
stable_matching,274,1,12
stable_matching,274,2,50
stable_matching,274,3,69
stable_matching,274,4,63
stable_matching,274,5,81
stable_matching,275,1,9
stable_matching,275,2,145
stable_matching,275,3,84
stable_matching,275,4,26
stable_matching,275,5,22
stable_matching,276,1,36
stable_matching,276,2,61
stable_matching,276,3,62
stable_matching,276,4,17
stable_matching,276,5,22
stable_matching,277,1,20
stable_matching,277,2,37
stable_matching,277,3,17
stable_matching,277,4,169
stable_matching,277,5,93
stable_matching,278,1,12
stable_matching,278,2,69
stable_matching,278,3,50
stable_matching,278,4,63
stable_matching,278,5,81
stable_matching,279,1,36
stable_matching,279,2,61
stable_matching,279,3,62
stable_matching,279,4,102
stable_matching,279,5,34
stable_matching,280,1,9
stable_matching,280,2,84
stable_matching,280,3,43
stable_matching,280,4,103
stable_matching,280,5,118
hybrid,131,1,169
hybrid,131,2,20
hybrid,131,3,37
hybrid,131,4,183
hybrid,131,5,17
hybrid,132,1,50
hybrid,132,2,12
hybrid,132,3,69
hybrid,132,4,63
hybrid,132,5,46
hybrid,133,1,107
hybrid,133,2,110
hybrid,133,3,111
hybrid,133,4,104
hybrid,133,5,109
hybrid,134,1,63
hybrid,134,2,12
hybrid,134,3,69
hybrid,134,4,50
hybrid,134,5,81
hybrid,135,1,61
hybrid,135,2,36
hybrid,135,3,62
hybrid,135,4,102
hybrid,135,5,34
hybrid,136,1,36
hybrid,136,2,61
hybrid,136,3,62
hybrid,136,4,102
hybrid,136,5,34
hybrid,137,1,34
hybrid,137,2,36
hybrid,137,3,61
hybrid,137,4,53
hybrid,137,5,71
hybrid,138,1,3
hybrid,138,2,62
hybrid,138,3,59
hybrid,138,4,36
hybrid,138,5,48
hybrid,139,1,169
hybrid,139,2,17
hybrid,139,3,20
hybrid,139,4,37
hybrid,139,5,93
hybrid,140,1,165
hybrid,140,2,36
hybrid,140,3,61
hybrid,140,4,62
hybrid,140,5,102
hybrid,141,1,133
hybrid,141,2,2
hybrid,141,3,166
hybrid,141,4,110
hybrid,141,5,111
hybrid,142,1,93
hybrid,142,2,17
hybrid,142,3,151
hybrid,142,4,18
hybrid,142,5,20
hybrid,143,1,102
hybrid,143,2,36
hybrid,143,3,61
hybrid,143,4,62
hybrid,143,5,34
hybrid,144,1,176
hybrid,144,2,17
hybrid,144,3,18
hybrid,144,4,34
hybrid,144,5,20
hybrid,145,1,36
hybrid,145,2,62
hybrid,145,3,61
hybrid,145,4,17
hybrid,145,5,102
hybrid,146,1,2
hybrid,146,2,108
hybrid,146,3,106
hybrid,146,4,152
hybrid,146,5,57
hybrid,147,1,10
hybrid,147,2,2
hybrid,147,3,26
hybrid,147,4,110
hybrid,147,5,104
hybrid,148,1,20
hybrid,148,2,17
hybrid,148,3,37
hybrid,148,4,93
hybrid,148,5,151
hybrid,149,1,36
hybrid,149,2,61
hybrid,149,3,62
hybrid,149,4,102
hybrid,149,5,34
hybrid,150,1,46
hybrid,150,2,9
hybrid,150,3,22
hybrid,150,4,32
hybrid,150,5,84
hybrid,151,1,1
hybrid,151,2,11
hybrid,151,3,9
hybrid,151,4,113
hybrid,151,5,119
hybrid,152,1,18
hybrid,152,2,17
hybrid,152,3,34
hybrid,152,4,19
hybrid,152,5,20
hybrid,153,1,93
hybrid,153,2,17
hybrid,153,3,20
hybrid,153,4,151
hybrid,153,5,34
hybrid,154,1,10
hybrid,154,2,17
hybrid,154,3,102
hybrid,154,4,15
hybrid,154,5,20
hybrid,155,1,61
hybrid,155,2,36
hybrid,155,3,62
hybrid,155,4,102
hybrid,155,5,34
hybrid,156,1,37
hybrid,156,2,17
hybrid,156,3,20
hybrid,156,4,93
hybrid,156,5,102
hybrid,157,1,36
hybrid,157,2,61
hybrid,157,3,62
hybrid,157,4,102
hybrid,157,5,34
hybrid,158,1,189
hybrid,158,2,36
hybrid,158,3,61
hybrid,158,4,62
hybrid,158,5,34
hybrid,159,1,36
hybrid,159,2,61
hybrid,159,3,62
hybrid,159,4,102
hybrid,159,5,34
hybrid,160,1,11
hybrid,160,2,1
hybrid,160,3,17
hybrid,160,4,22
hybrid,160,5,9
hybrid,161,1,3
hybrid,161,2,59
hybrid,161,3,62
hybrid,161,4,76
hybrid,161,5,2
hybrid,162,1,93
hybrid,162,2,17
hybrid,162,3,102
hybrid,162,4,18
hybrid,162,5,34
hybrid,163,1,63
hybrid,163,2,50
hybrid,163,3,69
hybrid,163,4,12
hybrid,163,5,165
hybrid,164,1,84
hybrid,164,2,9
hybrid,164,3,22
hybrid,164,4,32
hybrid,164,5,46
hybrid,165,1,166
hybrid,165,2,2
hybrid,165,3,133
hybrid,165,4,57
hybrid,165,5,109
hybrid,166,1,110
hybrid,166,2,2
hybrid,166,3,133
hybrid,166,4,166
hybrid,166,5,108
hybrid,167,1,62
hybrid,167,2,36
hybrid,167,3,61
hybrid,167,4,102
hybrid,167,5,34
hybrid,168,1,36
hybrid,168,2,61
hybrid,168,3,62
hybrid,168,4,102
hybrid,168,5,34
hybrid,169,1,36
hybrid,169,2,61
hybrid,169,3,62
hybrid,169,4,102
hybrid,169,5,34
hybrid,170,1,69
hybrid,170,2,50
hybrid,170,3,12
hybrid,170,4,165
hybrid,170,5,63
hybrid,171,1,106
hybrid,171,2,108
hybrid,171,3,2
hybrid,171,4,133
hybrid,171,5,130
hybrid,172,1,103
hybrid,172,2,9
hybrid,172,3,84
hybrid,172,4,22
hybrid,172,5,26
hybrid,173,1,9
hybrid,173,2,84
hybrid,173,3,22
hybrid,173,4,46
hybrid,173,5,32
hybrid,174,1,9
hybrid,174,2,84
hybrid,174,3,22
hybrid,174,4,32
hybrid,174,5,46
hybrid,175,1,17
hybrid,175,2,93
hybrid,175,3,151
hybrid,175,4,18
hybrid,175,5,34
hybrid,176,1,12
hybrid,176,2,50
hybrid,176,3,69
hybrid,176,4,81
hybrid,176,5,63
hybrid,177,1,36
hybrid,177,2,61
hybrid,177,3,62
hybrid,177,4,34
hybrid,177,5,102
hybrid,178,1,22
hybrid,178,2,9
hybrid,178,3,32
hybrid,178,4,46
hybrid,178,5,84
hybrid,179,1,81
hybrid,179,2,12
hybrid,179,3,50
hybrid,179,4,69
hybrid,179,5,63
hybrid,180,1,53
hybrid,180,2,36
hybrid,180,3,61
hybrid,180,4,62
hybrid,180,5,34
hybrid,181,1,20
hybrid,181,2,37
hybrid,181,3,17
hybrid,181,4,10
hybrid,181,5,15
hybrid,182,1,2
hybrid,182,2,133
hybrid,182,3,166
hybrid,182,4,104
hybrid,182,5,111
hybrid,183,1,26
hybrid,183,2,2
hybrid,183,3,9
hybrid,183,4,10
hybrid,183,5,22
hybrid,184,1,166
hybrid,184,2,2
hybrid,184,3,133
hybrid,184,4,108
hybrid,184,5,111
hybrid,185,1,169
hybrid,185,2,183
hybrid,185,3,20
hybrid,185,4,37
hybrid,185,5,9
hybrid,186,1,11
hybrid,186,2,1
hybrid,186,3,17
hybrid,186,4,3
hybrid,186,5,34
hybrid,187,1,102
hybrid,187,2,36
hybrid,187,3,61
hybrid,187,4,62
hybrid,187,5,34
hybrid,188,1,103
hybrid,188,2,9
hybrid,188,3,84
hybrid,188,4,26
hybrid,188,5,22
hybrid,189,1,9
hybrid,189,2,84
hybrid,189,3,22
hybrid,189,4,32
hybrid,189,5,46
hybrid,190,1,107
hybrid,190,2,111
hybrid,190,3,109
hybrid,190,4,110
hybrid,190,5,104
hybrid,191,1,110
hybrid,191,2,111
hybrid,191,3,104
hybrid,191,4,107
hybrid,191,5,109
hybrid,192,1,152
hybrid,192,2,2
hybrid,192,3,57
hybrid,192,4,1
hybrid,192,5,11
hybrid,193,1,12
hybrid,193,2,50
hybrid,193,3,69
hybrid,193,4,81
hybrid,193,5,63
hybrid,194,1,84
hybrid,194,2,9
hybrid,194,3,22
hybrid,194,4,32
hybrid,194,5,46
hybrid,195,1,61
hybrid,195,2,36
hybrid,195,3,62
hybrid,195,4,2
hybrid,195,5,102
hybrid,196,1,43
hybrid,196,2,9
hybrid,196,3,84
hybrid,196,4,103
hybrid,196,5,118
hybrid,197,1,145
hybrid,197,2,9
hybrid,197,3,84
hybrid,197,4,22
hybrid,197,5,26
hybrid,198,1,36
hybrid,198,2,62
hybrid,198,3,61
hybrid,198,4,17
hybrid,198,5,1
hybrid,199,1,50
hybrid,199,2,12
hybrid,199,3,69
hybrid,199,4,81
hybrid,199,5,63
hybrid,200,1,145
hybrid,200,2,9
hybrid,200,3,22
hybrid,200,4,84
hybrid,200,5,26
hybrid,201,1,37
hybrid,201,2,20
hybrid,201,3,169
hybrid,201,4,15
hybrid,201,5,17
hybrid,202,1,110
hybrid,202,2,107
hybrid,202,3,111
hybrid,202,4,104
hybrid,202,5,109
hybrid,203,1,36
hybrid,203,2,61
hybrid,203,3,62
hybrid,203,4,34
hybrid,203,5,102
hybrid,204,1,62
hybrid,204,2,36
hybrid,204,3,61
hybrid,204,4,102
hybrid,204,5,34
hybrid,205,1,17
hybrid,205,2,20
hybrid,205,3,37
hybrid,205,4,169
hybrid,205,5,93
hybrid,206,1,18
hybrid,206,2,17
hybrid,206,3,34
hybrid,206,4,19
hybrid,206,5,53
hybrid,207,1,2
hybrid,207,2,133
hybrid,207,3,166
hybrid,207,4,108
hybrid,207,5,111
hybrid,208,1,31
hybrid,208,2,22
hybrid,208,3,9
hybrid,208,4,86
hybrid,208,5,46
hybrid,209,1,180
hybrid,209,2,17
hybrid,209,3,1
hybrid,209,4,22
hybrid,209,5,11
hybrid,210,1,57
hybrid,210,2,2
hybrid,210,3,152
hybrid,210,4,1
hybrid,210,5,11
hybrid,211,1,1
hybrid,211,2,11
hybrid,211,3,17
hybrid,211,4,22
hybrid,211,5,20
hybrid,212,1,102
hybrid,212,2,17
hybrid,212,3,93
hybrid,212,4,20
hybrid,212,5,10
hybrid,213,1,108
hybrid,213,2,2
hybrid,213,3,133
hybrid,213,4,166
hybrid,213,5,110
hybrid,214,1,37
hybrid,214,2,20
hybrid,214,3,17
hybrid,214,4,10
hybrid,214,5,61
hybrid,215,1,111
hybrid,215,2,2
hybrid,215,3,133
hybrid,215,4,166
hybrid,215,5,104
hybrid,216,1,108
hybrid,216,2,106
hybrid,216,3,2
hybrid,216,4,20
hybrid,216,5,133
hybrid,217,1,3
hybrid,217,2,59
hybrid,217,3,62
hybrid,217,4,48
hybrid,217,5,20
hybrid,218,1,48
hybrid,218,2,59
hybrid,218,3,18
hybrid,218,4,17
hybrid,218,5,1
hybrid,219,1,36
hybrid,219,2,61
hybrid,219,3,62
hybrid,219,4,102
hybrid,219,5,34
hybrid,220,1,11
hybrid,220,2,1
hybrid,220,3,17
hybrid,220,4,22
hybrid,220,5,18
hybrid,221,1,9
hybrid,221,2,84
hybrid,221,3,22
hybrid,221,4,46
hybrid,221,5,32
hybrid,222,1,69
hybrid,222,2,12
hybrid,222,3,50
hybrid,222,4,81
hybrid,222,5,63
hybrid,223,1,46
hybrid,223,2,22
hybrid,223,3,9
hybrid,223,4,32
hybrid,223,5,84
hybrid,224,1,1
hybrid,224,2,11
hybrid,224,3,9
hybrid,224,4,119
hybrid,224,5,66
hybrid,225,1,189
hybrid,225,2,36
hybrid,225,3,61
hybrid,225,4,34
hybrid,225,5,62
hybrid,226,1,62
hybrid,226,2,36
hybrid,226,3,61
hybrid,226,4,102
hybrid,226,5,34
hybrid,227,1,104
hybrid,227,2,111
hybrid,227,3,110
hybrid,227,4,109
hybrid,227,5,107
hybrid,228,1,32
hybrid,228,2,22
hybrid,228,3,9
hybrid,228,4,46
hybrid,228,5,84
hybrid,229,1,27
hybrid,229,2,101
hybrid,229,3,15
hybrid,229,4,106
hybrid,229,5,111
hybrid,230,1,189
hybrid,230,2,36
hybrid,230,3,61
hybrid,230,4,34
hybrid,230,5,53
hybrid,231,1,63
hybrid,231,2,12
hybrid,231,3,50
hybrid,231,4,69
hybrid,231,5,81
hybrid,232,1,81
hybrid,232,2,12
hybrid,232,3,50
hybrid,232,4,69
hybrid,232,5,63
hybrid,233,1,17
hybrid,233,2,93
hybrid,233,3,151
hybrid,233,4,18
hybrid,233,5,34
hybrid,234,1,81
hybrid,234,2,12
hybrid,234,3,50
hybrid,234,4,69
hybrid,234,5,73
hybrid,235,1,151
hybrid,235,2,17
hybrid,235,3,93
hybrid,235,4,18
hybrid,235,5,34
hybrid,236,1,84
hybrid,236,2,9
hybrid,236,3,22
hybrid,236,4,1
hybrid,236,5,46
hybrid,237,1,15
hybrid,237,2,27
hybrid,237,3,108
hybrid,237,4,104
hybrid,237,5,101
hybrid,238,1,111
hybrid,238,2,2
hybrid,238,3,133
hybrid,238,4,166
hybrid,238,5,108
hybrid,239,1,102
hybrid,239,2,2
hybrid,239,3,17
hybrid,239,4,22
hybrid,239,5,9
hybrid,240,1,145
hybrid,240,2,9
hybrid,240,3,26
hybrid,240,4,84
hybrid,240,5,22
hybrid,241,1,166
hybrid,241,2,2
hybrid,241,3,133
hybrid,241,4,108
hybrid,241,5,111
hybrid,242,1,106
hybrid,242,2,2
hybrid,242,3,108
hybrid,242,4,152
hybrid,242,5,57
hybrid,243,1,22
hybrid,243,2,9
hybrid,243,3,84
hybrid,243,4,46
hybrid,243,5,32
hybrid,244,1,2
hybrid,244,2,133
hybrid,244,3,166
hybrid,244,4,108
hybrid,244,5,106
hybrid,245,1,36
hybrid,245,2,62
hybrid,245,3,61
hybrid,245,4,102
hybrid,245,5,34
hybrid,246,1,26
hybrid,246,2,9
hybrid,246,3,2
hybrid,246,4,10
hybrid,246,5,145
hybrid,247,1,18
hybrid,247,2,34
hybrid,247,3,17
hybrid,247,4,19
hybrid,247,5,53
hybrid,248,1,108
hybrid,248,2,106
hybrid,248,3,2
hybrid,248,4,133
hybrid,248,5,130
hybrid,249,1,22
hybrid,249,2,9
hybrid,249,3,84
hybrid,249,4,46
hybrid,249,5,32
hybrid,250,1,165
hybrid,250,2,69
hybrid,250,3,50
hybrid,250,4,12
hybrid,250,5,63
hybrid,251,1,111
hybrid,251,2,109
hybrid,251,3,107
hybrid,251,4,104
hybrid,251,5,110
hybrid,252,1,34
hybrid,252,2,36
hybrid,252,3,61
hybrid,252,4,62
hybrid,252,5,102
hybrid,253,1,32
hybrid,253,2,9
hybrid,253,3,84
hybrid,253,4,22
hybrid,253,5,46
hybrid,254,1,36
hybrid,254,2,61
hybrid,254,3,62
hybrid,254,4,102
hybrid,254,5,34
hybrid,255,1,12
hybrid,255,2,50
hybrid,255,3,69
hybrid,255,4,81
hybrid,255,5,63
hybrid,256,1,57
hybrid,256,2,2
hybrid,256,3,152
hybrid,256,4,143
hybrid,256,5,10
hybrid,257,1,69
hybrid,257,2,12
hybrid,257,3,50
hybrid,257,4,81
hybrid,257,5,63
hybrid,258,1,46
hybrid,258,2,9
hybrid,258,3,84
hybrid,258,4,22
hybrid,258,5,32
hybrid,259,1,32
hybrid,259,2,22
hybrid,259,3,9
hybrid,259,4,46
hybrid,259,5,84
hybrid,260,1,36
hybrid,260,2,62
hybrid,260,3,2
hybrid,260,4,61
hybrid,260,5,17
hybrid,261,1,34
hybrid,261,2,36
hybrid,261,3,61
hybrid,261,4,62
hybrid,261,5,102
hybrid,262,1,9
hybrid,262,2,145
hybrid,262,3,22
hybrid,262,4,84
hybrid,262,5,26
hybrid,263,1,183
hybrid,263,2,169
hybrid,263,3,20
hybrid,263,4,37
hybrid,263,5,9
hybrid,264,1,26
hybrid,264,2,2
hybrid,264,3,9
hybrid,264,4,10
hybrid,264,5,145
hybrid,265,1,133
hybrid,265,2,2
hybrid,265,3,166
hybrid,265,4,111
hybrid,265,5,108
hybrid,266,1,9
hybrid,266,2,84
hybrid,266,3,22
hybrid,266,4,46
hybrid,266,5,32
hybrid,267,1,165
hybrid,267,2,36
hybrid,267,3,61
hybrid,267,4,34
hybrid,267,5,71
hybrid,268,1,36
hybrid,268,2,61
hybrid,268,3,62
hybrid,268,4,34
hybrid,268,5,102
hybrid,269,1,17
hybrid,269,2,20
hybrid,269,3,37
hybrid,269,4,160
hybrid,269,5,93
hybrid,270,1,106
hybrid,270,2,108
hybrid,270,3,2
hybrid,270,4,133
hybrid,270,5,130
hybrid,271,1,103
hybrid,271,2,9
hybrid,271,3,84
hybrid,271,4,22
hybrid,271,5,26
hybrid,272,1,133
hybrid,272,2,2
hybrid,272,3,166
hybrid,272,4,108
hybrid,272,5,109
hybrid,273,1,53
hybrid,273,2,36
hybrid,273,3,34
hybrid,273,4,2
hybrid,273,5,9
hybrid,274,1,50
hybrid,274,2,12
hybrid,274,3,69
hybrid,274,4,63
hybrid,274,5,81
hybrid,275,1,9
hybrid,275,2,145
hybrid,275,3,84
hybrid,275,4,26
hybrid,275,5,22
hybrid,276,1,36
hybrid,276,2,61
hybrid,276,3,62
hybrid,276,4,17
hybrid,276,5,22
hybrid,277,1,20
hybrid,277,2,37
hybrid,277,3,17
hybrid,277,4,169
hybrid,277,5,93
hybrid,278,1,69
hybrid,278,2,12
hybrid,278,3,50
hybrid,278,4,63
hybrid,278,5,81
hybrid,279,1,62
hybrid,279,2,36
hybrid,279,3,61
hybrid,279,4,102
hybrid,279,5,34
hybrid,280,1,43
hybrid,280,2,9
hybrid,280,3,84
hybrid,280,4,103
hybrid,280,5,118
